Delta,Time,CPU_FREQUENCY_0,CPU_FREQUENCY_1,CPU_FREQUENCY_10,CPU_FREQUENCY_11,CPU_FREQUENCY_12,CPU_FREQUENCY_13,CPU_FREQUENCY_14,CPU_FREQUENCY_15,CPU_FREQUENCY_16,CPU_FREQUENCY_17,CPU_FREQUENCY_18,CPU_FREQUENCY_19,CPU_FREQUENCY_2,CPU_FREQUENCY_3,CPU_FREQUENCY_4,CPU_FREQUENCY_5,CPU_FREQUENCY_6,CPU_FREQUENCY_7,CPU_FREQUENCY_8,CPU_FREQUENCY_9,CPU_USAGE_0,CPU_USAGE_1,CPU_USAGE_10,CPU_USAGE_11,CPU_USAGE_12,CPU_USAGE_13,CPU_USAGE_14,CPU_USAGE_15,CPU_USAGE_16,CPU_USAGE_17,CPU_USAGE_18,CPU_USAGE_19,CPU_USAGE_2,CPU_USAGE_3,CPU_USAGE_4,CPU_USAGE_5,CPU_USAGE_6,CPU_USAGE_7,CPU_USAGE_8,CPU_USAGE_9,DRAM_ENERGY (J),PACKAGE_ENERGY (J),PP0_ENERGY (J),PP1_ENERGY (J),TOTAL_MEMORY,TOTAL_SWAP,USED_MEMORY,USED_SWAP
0,1766836184520,2300,2300,2300,2300,2300,2300,2300,2300,2300,2300,2300,2300,2300,2300,2300,2300,2300,2300,2300,2300,0,0,0,0,22.73047637939453,0,0,63.03363037109375,0,0,0,0,0,0,25.590576171875,0,0,27.72016143798828,0,0,0,64829.409240722656,197952.56268310547,430.04693603515625,16788910080,13421772800,14006366208,3978121216
200,1766836184520,2300,2300,2300,2300,2300,2300,2300,2300,2300,2300,2300,2300,2300,2300,2300,2300,2300,2300,2300,2300,44.591617584228516,44.57866287231445,44.81184005737305,44.8021240234375,94.60133361816406,86.58267974853516,65.95957946777344,100,40.28758239746094,40.268150329589844,40.25843811035156,40.2454833984375,44.56895065307617,71.646484375,72.01243591308594,44.54951858520508,44.53980255126953,99.47535705566406,44.83127212524414,44.821556091308594,0,64829.42529296875,197952.56268310547,430.04693603515625,16788910080,13421772800,14006382592,3978121216
200,1766836184720,2300,2300,2300,2300,2300,2300,2300,2300,2300,2300,2300,2300,2300,2300,2300,2300,2300,2300,2300,2300,8.676994323730469,0.848846435546875,21.489639282226563,0.71832275390625,29.796768188476563,26.08739471435547,1.858062744140625,40.68455123901367,2.0381011962890625,0.7629241943359375,0.762725830078125,0.7630233764648438,0.72125244140625,17.68798828125,61.7397575378418,0.7060546875,0.7161407470703125,47.06596755981445,16.80675506591797,0.7445449829101563,0,64832.02880859375,197954.00659179688,430.0517578125,16788910080,13421772800,14028984320,4153556992
200,1766836184921,2300,2300,2300,2300,2300,2300,2300,2300,2300,2300,2300,2300,2300,2300,2300,2300,2300,2300,2300,2300,3.0913848876953125,0.15653228759765625,21.469772338867188,0.163665771484375,17.385986328125,1.273834228515625,0.37491607666015625,39.69961166381836,45.81368637084961,0.1036529541015625,0.1034088134765625,0.10320281982421875,0.16231536865234375,29.492828369140625,51.17628860473633,0.16007232666015625,0.31560516357421875,64.64830017089844,13.61077880859375,0.1618194580078125,0,64835.057067871094,197955.88677978516,430.0517578125,16788910080,13421772800,14050902016,4158312448
200,1766836185121,2300,2300,2300,2300,2300,2300,2300,2300,2300,2300,2300,2300,2300,2300,2300,2300,2300,2300,2300,2300,6.842681884765625,0.231231689453125,19.018356323242188,0.1287994384765625,8.414451599121094,0.12245941162109375,0.12250518798828125,50.82896041870117,7.360725402832031,0.11591339111328125,0.1157684326171875,0.11571502685546875,0.13329315185546875,18.202056884765625,47.13555908203125,0.12245941162109375,0.13234710693359375,66.8027572631836,14.263740539550781,0.12885284423828125,0,64838.02020263672,197957.70178222656,430.052978515625,16788910080,13421772800,14062891008,4157341696
200,1766836185321,2300,2300,2300,2300,2300,2300,2300,2300,2300,2300,2300,2300,2300,2300,2300,2300,2300,2300,2300,2300,27.577842712402344,0.06147003173828125,39.86002731323242,0.04973602294921875,21.317176818847656,10.699485778808594,0.037750244140625,40.136924743652344,0.0435943603515625,0.04349517822265625,0.043243408203125,0.04309844970703125,0.05672454833984375,41.17985534667969,79.79031372070313,0.09203338623046875,0.06221771240234375,73.93418884277344,42.6591796875,0.054779052734375,0,64842.85626220703,197961.3516845703,430.052978515625,16788910080,13421772800,14106386432,4173062144
200,1766836185522,2300,2300,2300,2300,2300,2300,2300,2300,2300,2300,2300,2300,2300,2300,2300,2300,2300,2300,2300,2300,15.661155700683594,0.1482086181640625,32.36394500732422,0.156036376953125,17.77967071533203,16.487884521484375,16.151885986328125,55.72220230102539,7.01025390625,1.6806259155273438,32.89556121826172,0.14801025390625,0.15688323974609375,18.530982971191406,64.55770111083984,0.145965576171875,5.327384948730469,61.797550201416016,23.577049255371094,0.15743255615234375,0,64846.31115722656,197963.6118774414,430.05584716796875,16788910080,13421772800,14105522176,4175867904
200,1766836185722,2300,2300,2300,2300,2300,2300,2300,2300,2300,2300,2300,2300,2300,2300,2300,2300,2300,2300,2300,2300,9.476509094238281,0.46588134765625,28.71880340576172,0.089630126953125,35.06188201904297,5.407768249511719,3.2099456787109375,40.43959426879883,0.50341796875,1.8233108520507813,0.1368865966796875,0.14092254638671875,0.08863067626953125,38.27422332763672,66.88655090332031,0.266387939453125,2.9573135375976563,68.1854019165039,35.99614715576172,0.0922698974609375,0,64850.099609375,197966.2329711914,430.0587158203125,16788910080,13421772800,14118588416,4184100864
200,1766836185923,2300,2300,2300,2300,2300,2300,2300,2300,2300,2300,2300,2300,2300,2300,2300,2300,2300,2300,2300,2300,17.866798400878906,0.22412109375,28.5618896484375,0.10819244384765625,19.855674743652344,11.115379333496094,0.39304351806640625,54.53350830078125,0.1097869873046875,0.10968780517578125,0.10964202880859375,0.10948944091796875,0.1134796142578125,28.5345458984375,84.23111724853516,0.1342926025390625,0.27182769775390625,55.761497497558594,28.031356811523438,0.10140228271484375,0,64853.43127441406,197968.46600341797,430.0587158203125,16788910080,13421772800,14158028800,4842082304
200,1766836186123,2300,2300,2300,2300,2300,2300,2300,2300,2300,2300,2300,2300,2300,2300,2300,2300,2300,2300,2300,2300,30.751129150390625,0.06224822998046875,47.26362991333008,0.07556915283203125,34.12163543701172,1.291259765625,0.0755157470703125,65.48072814941406,0.0692291259765625,0.0692291259765625,0.06912994384765625,0.06908416748046875,0.0623016357421875,39.06306838989258,79.70504760742188,0.07042694091796875,0.1923828125,74.59292602539063,42.35715866088867,0.07372283935546875,0,64857.86590576172,197971.80352783203,430.05975341796875,16788910080,13421772800,14180139008,4856594432
200,1766836186324,2300,2300,2300,2300,2300,2300,2300,2300,2300,2300,2300,2300,2300,2300,2300,2300,2300,2300,2300,2300,25.728355407714844,0.07569122314453125,42.639556884765625,0.07538604736328125,3.85540771484375,0.5476760864257813,0.5058212280273438,58.22304916381836,0.4765777587890625,0.519439697265625,0.48645782470703125,0.5835037231445313,0.07219696044921875,40.009132385253906,73.779296875,0.08477020263671875,1.7867279052734375,71.59336853027344,43.431217193603516,0.073944091796875,0,64862.132568359375,197974.94696044922,430.05975341796875,16788910080,13421772800,14202683392,4859736064
200,1766836186524,2300,2300,2300,2300,2300,2300,2300,2300,2300,2300,2300,2300,2300,2300,2300,2300,2300,2300,2300,2300,3.8025360107421875,0.3004150390625,10.377967834472656,0.10195159912109375,1.1453094482421875,6.780876159667969,0.0981597900390625,4.823448181152344,0.09790802001953125,0.09786224365234375,0.097808837890625,0.09766387939453125,0.09456634521484375,33.06907653808594,67.97991943359375,0.1055450439453125,0.2032012939453125,53.86326217651367,17.25415802001953,0.1018524169921875,0,64865.457763671875,197977.16693115234,430.05975341796875,16788910080,13421772800,14201667584,4858462208
200,1766836186724,2300,2300,2300,2300,2300,2300,2300,2300,2300,2300,2300,2300,2300,2300,2300,2300,2300,2300,2300,2300,0.20664215087890625,0.16670989990234375,13.260543823242188,0,0,0,0,0,0.000152587890625,0.000152587890625,0,0,0.01023101806640625,40.83890914916992,56.593536376953125,0.0688323974609375,0.0200653076171875,74.21333312988281,31.193252563476563,0,0,64868.87854003906,197979.45330810547,430.06146240234375,16788910080,13421772800,14229450752,4865396736
200,1766836186925,2300,2300,2300,2300,2300,2300,2300,2300,2300,2300,2300,2300,2300,2300,2300,2300,2300,2300,2300,2300,14.812515258789063,0.10951995849609375,44.73599624633789,0.1317291259765625,0.127685546875,0.12744140625,0.12744140625,5.858489990234375,0.1195526123046875,0.11945343017578125,0.1194000244140625,0.11925506591796875,0.1142578125,52.7531852722168,81.85294342041016,0.3338470458984375,1.6882858276367188,78.8949203491211,54.62701416015625,0.13732147216796875,0,64873.45349121094,197982.87756347656,430.06146240234375,16788910080,13421772800,14250930176,4883636224
200,1766836187125,2300,2300,2300,2300,2300,2300,2300,2300,2300,2300,2300,2300,2300,2300,2300,2300,2300,2300,2300,2300,12.689620971679688,0.139007568359375,29.913131713867188,0.0572357177734375,31.304733276367188,0.43915557861328125,0.0477142333984375,40.66579055786133,0.06063079833984375,0.0605316162109375,0.0603790283203125,0.06027984619140625,0.0674591064453125,28.403709411621094,73.67314910888672,0.1753997802734375,0.74359130859375,57.31882095336914,28.415374755859375,0.0618743896484375,0,64877.11486816406,197985.40283203125,430.06146240234375,16788910080,13421772800,14248660992,4882374656
200,1766836187326,2300,2300,2300,2300,2300,2300,2300,2300,2300,2300,2300,2300,2300,2300,2300,2300,2300,2300,2300,2300,4.0900726318359375,0.108551025390625,18.876846313476563,0.18459320068359375,20.765296936035156,1.1774826049804688,0.9213333129882813,30.488075256347656,3.6463851928710938,0.21515655517578125,0.29714202880859375,0.10625457763671875,0.1094512939453125,24.462562561035156,63.47996520996094,0.6484603881835938,0.766448974609375,49.717987060546875,20.935462951660156,0.11594390869140625,0,64879.879150390625,197987.07537841797,430.06146240234375,16788910080,13421772800,14261415936,4889931776
200,1766836187526,2300,2300,2300,2300,2300,2300,2300,2300,2300,2300,2300,2300,2300,2300,2300,2300,2300,2300,2300,2300,27.101280212402344,0.5013809204101563,27.23773956298828,0.2388916015625,20.749916076660156,40.27325439453125,18.61872100830078,45.68492889404297,3.9237594604492188,0.0205078125,0.020904541015625,0.02045440673828125,0.0451507568359375,27.050735473632813,67.39913177490234,0.407379150390625,6.450050354003906,62.80870056152344,29.96849822998047,0.0312347412109375,0,64883.65319824219,197989.658203125,430.06524658203125,16788910080,13421772800,14275129344,4897652736
200,1766836187727,2300,2300,2300,2300,2300,2300,2300,2300,2300,2300,2300,2300,2300,2300,2300,2300,2300,2300,2300,2300,24.102737426757813,0.33327484130859375,23.58025360107422,0.086151123046875,14.210395812988281,0.09702301025390625,2.9249954223632813,25.852767944335938,0.10131072998046875,0.10126495361328125,0.1006622314453125,0.10256195068359375,0.12530517578125,35.33197021484375,61.7197380065918,0.1165771484375,0.2568511962890625,61.54419708251953,31.06334686279297,0.10959625244140625,0,64886.81774902344,197991.71270751953,430.06640625,16788910080,13421772800,14294016000,4901232640
199,1766836187927,2300,2300,2300,2300,2300,2300,2300,2300,2300,2300,2300,2300,2300,2300,2300,2300,2300,2300,2300,2300,30.812904357910156,0.23883819580078125,29.19097137451172,0.1297454833984375,4.750762939453125,12.035614013671875,5.4286651611328125,68.12220764160156,0.145904541015625,0.1233062744140625,0.12320709228515625,0.12310791015625,0.13024139404296875,33.79557800292969,72.80792236328125,0.13094329833984375,4.9793243408203125,79.10041046142578,28.60479736328125,0.14910125732421875,0,64890.76623535156,197994.46606445313,430.0673828125,16788910080,13421772800,14323150848,4918923264
200,1766836188127,2300,2300,2300,2300,2300,2300,2300,2300,2300,2300,2300,2300,2300,2300,2300,2300,2300,2300,2300,2300,26.271583557128906,0.08461761474609375,29.063430786132813,0.06992340087890625,13.77667236328125,8.07940673828125,0.073974609375,55.35635757446289,0.080322265625,0.0810699462890625,0.08077239990234375,0.080322265625,0.0748748779296875,44.304908752441406,78.13436889648438,0.08277130126953125,0.20623016357421875,79.10923767089844,37.75823211669922,0.08696746826171875,0,64894.92413330078,197997.50366210938,430.06854248046875,16788910080,13421772800,14340612096,4924293120
200,1766836188327,2300,2300,2300,2300,2300,2300,2300,2300,2300,2300,2300,2300,2300,2300,2300,2300,2300,2300,2300,2300,15.007148742675781,0.5181045532226563,10.948112487792969,0.10694122314453125,52.41608810424805,0.37520599365234375,0.1141815185546875,35.75981903076172,0.10198974609375,0.1019439697265625,0.10184478759765625,0.10174560546875,0.10408782958984375,33.04486846923828,53.171695709228516,0.0941009521484375,0.175262451171875,69.92710876464844,22.427413940429688,0.1028900146484375,0,64897.935302734375,197999.1844482422,430.06982421875,16788910080,13421772800,14358196224,4922363904
200,1766836188528,2300,2300,2300,2300,2300,2300,2300,2300,2300,2300,2300,2300,2300,2300,2300,2300,2300,2300,2300,2300,28.458717346191406,0.1104736328125,20.858795166015625,0.26544189453125,44.48670196533203,0.41771697998046875,1.0445709228515625,49.230777740478516,0,0,0,0,0.0116729736328125,34.990966796875,63.249229431152344,0.7183761596679688,0.7453079223632813,73.34552764892578,22.955413818359375,0.0885772705078125,0,64901.44854736328,198001.49267578125,430.07025146484375,16788910080,13421772800,14398423040,4929925120
200,1766836188728,2300,2300,2300,2300,2300,2300,2300,2300,2300,2300,2300,2300,2300,2300,2300,2300,2300,2300,2300,2300,52.70055389404297,0.13410186767578125,21.351165771484375,0.12081146240234375,40.593658447265625,1.2182235717773438,7.990287780761719,47.96908950805664,0.12425994873046875,0.12640380859375,0.12610626220703125,0.1263580322265625,0.1278076171875,24.690452575683594,51.7679557800293,0.3478546142578125,3.309814453125,99.08502960205078,19.104347229003906,0.1435394287109375,0,64905.466247558594,198004.31646728516,430.071533203125,16788910080,13421772800,14405877760,4932968448
200,1766836188929,2300,2300,2300,2300,2300,2300,2300,2300,2300,2300,2300,2300,2300,2300,2300,2300,2300,2300,2300,2300,40.587188720703125,0.22524261474609375,33.0567626953125,0.1924896240234375,41.05646514892578,0.36273956298828125,0.802947998046875,45.13874816894531,0.1916351318359375,0.191192626953125,0.1908416748046875,0.1906890869140625,0.2183074951171875,40.370574951171875,76.29916381835938,0.19766998291015625,0.3834228515625,85.8985824584961,45.3610954284668,0.202056884765625,0,64909.62725830078,198007.26361083984,430.07232666015625,16788910080,13421772800,14414766080,4942008320
200,1766836189129,2300,2300,2300,2300,2300,2300,2300,2300,2300,2300,2300,2300,2300,2300,2300,2300,2300,2300,2300,2300,47.497955322265625,0.174713134765625,43.044376373291016,0.18489837646484375,15.162757873535156,22.37371063232422,0.17002105712890625,50.374969482421875,0.17620849609375,0.17610931396484375,0.17591094970703125,0.175811767578125,0.17865753173828125,44.41836929321289,85.29003143310547,0.1657257080078125,0.5014190673828125,79.47089385986328,55.84013366699219,0.17037200927734375,0,64914.98205566406,198011.43786621094,430.07232666015625,16788910080,13421772800,14420045824,4948385792
200,1766836189330,2300,2300,2300,2300,2300,2300,2300,2300,2300,2300,2300,2300,2300,2300,2300,2300,2300,2300,2300,2300,45.702545166015625,0,45.9000244140625,0,25.818939208984375,4.124015808105469,0.15811920166015625,66.3697280883789,0,0,0,0,0,45.772178649902344,85.3638687133789,0.7568359375,2.803680419921875,72.1589584350586,47.525779724121094,0,0,64919.65930175781,198014.8462524414,430.07275390625,16788910080,13421772800,14433759232,4951674880
200,1766836189530,2300,2300,2300,2300,2300,2300,2300,2300,2300,2300,2300,2300,2300,2300,2300,2300,2300,2300,2300,2300,53.87690734863281,0.15108489990234375,41.961029052734375,0.181121826171875,53.75037384033203,0.6277389526367188,0.19210052490234375,40.25074768066406,0.1934967041015625,0.19344329833984375,0.1646575927734375,0.16455841064453125,0.15582275390625,43.47486877441406,82.18168640136719,0.1421051025390625,0.24538421630859375,82.60565185546875,44.714229583740234,0.16925048828125,0,64925.00378417969,198019.01544189453,430.07275390625,16788910080,13421772800,14435516416,4956946432
205,1766836189730,2300,2300,2300,2300,2300,2300,2300,2300,2300,2300,2300,2300,2300,2300,2300,2300,2300,2300,2300,2300,49.9923210144043,0.29482269287109375,37.08323669433594,0.1980743408203125,41.3123779296875,4.473541259765625,16.32806396484375,60.14796829223633,0.21817779541015625,0.21802520751953125,0.22006988525390625,0.220367431640625,0.20336151123046875,42.3358268737793,82.50112915039063,0.20256805419921875,1.565765380859375,78.81645202636719,40.0928955078125,0.283203125,0,64928.98388671875,198022.00610351563,430.07275390625,16788910080,13421772800,14432362496,4944556032
200,1766836189936,2300,2300,2300,2300,2300,2300,2300,2300,2300,2300,2300,2300,2300,2300,2300,2300,2300,2300,2300,2300,37.428184509277344,0.7085723876953125,43.26607894897461,1.133148193359375,44.716304779052734,37.5836296081543,0.3396453857421875,36.56431579589844,0.04668426513671875,0,0,0,0.0019989013671875,48.06560134887695,83.0732192993164,4.330650329589844,11.545822143554688,85.44300842285156,46.32904052734375,0.003997802734375,0,64933.268127441406,198024.8096923828,430.0732421875,16788910080,13421772800,14460297216,4950433792
200,1766836190136,2300,2300,2300,2300,2300,2300,2300,2300,2300,2300,2300,2300,2300,2300,2300,2300,2300,2300,2300,2300,34.64927673339844,0.28479766845703125,30.753517150878906,0.2859954833984375,28.318359375,0.7177810668945313,1.497314453125,72.67135620117188,0.27447509765625,0.27437591552734375,0.2742767333984375,0.27422332763671875,0.2812042236328125,32.112571716308594,78.67183685302734,0.47318267822265625,4.282806396484375,78.19401550292969,31.750511169433594,0.277069091796875,0,64937.831970214844,198028.15747070313,430.0732421875,16788910080,13421772800,14461575168,4943446016
200,1766836190337,2300,2300,2300,2300,2300,2300,2300,2300,2300,2300,2300,2300,2300,2300,2300,2300,2300,2300,2300,2300,25.33051300048828,0.14304351806640625,30.478988647460938,0.2147369384765625,24.110572814941406,1.13128662109375,0.4936981201171875,69.39671325683594,0.12345123291015625,0.1233978271484375,0.12329864501953125,0.12325286865234375,0.2232666015625,39.024620056152344,70.55557250976563,0.37917327880859375,1.0057907104492188,72.04573822021484,31.600807189941406,0.13855743408203125,0,64941.535705566406,198030.67022705078,430.07373046875,16788910080,13421772800,14468001792,4949409792
200,1766836190537,2300,2300,2300,2300,2300,2300,2300,2300,2300,2300,2300,2300,2300,2300,2300,2300,2300,2300,2300,2300,45.210174560546875,0,29.512939453125,0,21.143524169921875,8.831184387207031,0.6314849853515625,67.17417907714844,0,0,0,0,0,39.36955261230469,72.07159423828125,0,0.9695358276367188,78.43586730957031,40.6856689453125,0,0,64945.17205810547,198033.0821533203,430.0748291015625,16788910080,13421772800,14482169856,4957581312
200,1766836190738,2300,2300,2300,2300,2300,2300,2300,2300,2300,2300,2300,2300,2300,2300,2300,2300,2300,2300,2300,2300,19.155982971191406,0.15271759033203125,13.487251281738281,0.07621002197265625,35.81853485107422,42.055259704589844,21.5020751953125,58.78091812133789,3.8548202514648438,1.8517227172851563,0.32660675048828125,0.11292266845703125,0.0796966552734375,27.32806396484375,55.95663833618164,0.06266021728515625,0.6744918823242188,59.09487533569336,23.819931030273438,0.0633087158203125,0,64948.41180419922,198035.15991210938,430.0748291015625,16788910080,13421772800,14484180992,4958027776
200,1766836190938,2300,2300,2300,2300,2300,2300,2300,2300,2300,2300,2300,2300,2300,2300,2300,2300,2300,2300,2300,2300,17.90727996826172,0.3897857666015625,14.119354248046875,0.3320770263671875,55.36030578613281,5.712982177734375,0.32079315185546875,32.911277770996094,0.31243896484375,0.3122406005859375,0.31219482421875,0.312042236328125,0.328399658203125,35.952545166015625,68.77798461914063,0.6057510375976563,0.98126220703125,72.42251586914063,37.86745834350586,0.33242034912109375,0,64951.798095703125,198037.35620117188,430.0753173828125,16788910080,13421772800,14461992960,4939751424
200,1766836191139,2300,2300,2300,2300,2300,2300,2300,2300,2300,2300,2300,2300,2300,2300,2300,2300,2300,2300,2300,2300,62.7340202331543,0.19957733154296875,60.00522232055664,0.6805343627929688,33.5528564453125,17.35094451904297,16.684722900390625,40.0844841003418,0.126983642578125,0.0857086181640625,0.085601806640625,0.08545684814453125,0.0929107666015625,62.96216583251953,84.66664123535156,1.3936386108398438,2.2397308349609375,82.19406127929688,61.577579498291016,0.0911102294921875,0,64958.342041015625,198042.7352294922,430.0753173828125,16788910080,13421772800,14494162944,4967075840
199,1766836191340,2300,2300,2300,2300,2300,2300,2300,2300,2300,2300,2300,2300,2300,2300,2300,2300,2300,2300,2300,2300,63.00722885131836,0,60.82200241088867,0,22.245803833007813,9.572128295898438,4.988471984863281,67.87059020996094,0,0,0,0,0,63.11787033081055,85.78245544433594,0,5.2784423828125,86.30933380126953,63.32838439941406,0,0,64964.63537597656,198047.74755859375,430.07635498046875,16788910080,13421772800,14501810176,4975083520
200,1766836191539,2300,2300,2300,2300,2300,2300,2300,2300,2300,2300,2300,2300,2300,2300,2300,2300,2300,2300,2300,2300,55.24824523925781,0.9557647705078125,44.12314224243164,1.065948486328125,32.94709014892578,1.1097183227539063,0.9275741577148438,68.06156921386719,0.9678421020507813,0.967742919921875,0.967742919921875,0.9676437377929688,0.8991775512695313,47.50563430786133,79.8934326171875,4.905296325683594,2.3342056274414063,80.530029296875,43.44093704223633,0.9272232055664063,0,64969.03723144531,198050.93536376953,430.07635498046875,16788910080,13421772800,14494707712,4975095808
199,1766836191740,2300,2300,2300,2300,2300,2300,2300,2300,2300,2300,2300,2300,2300,2300,2300,2300,2300,2300,2300,2300,62.63374710083008,0.08208465576171875,41.66225051879883,0.17954254150390625,19.61579132080078,11.843719482421875,0.90460205078125,57.3431282043457,12.942634582519531,0.09551239013671875,0.09461212158203125,0.0940093994140625,0.09889984130859375,47.017738342285156,83.06497192382813,1.5160293579101563,2.4525680541992188,82.41775512695313,43.75792694091797,0.09555816650390625,0,64974.03918457031,198054.7133178711,430.07635498046875,16788910080,13421772800,14516559872,4970901504
199,1766836191940,2300,2300,2300,2300,2300,2300,2300,2300,2300,2300,2300,2300,2300,2300,2300,2300,2300,2300,2300,2300,84.00896453857422,0.152862548828125,81.15129852294922,0.33979034423828125,0.9793167114257813,0,0,31.429824829101563,0,0,0,0,0,83.98683166503906,92.83053588867188,2.52801513671875,13.391189575195313,92.27359008789063,83.8097915649414,0,0,64980.3076171875,198059.69970703125,430.076904296875,16788910080,13421772800,14576193536,5006176256
200,1766836192140,2300,2300,2300,2300,2300,2300,2300,2300,2300,2300,2300,2300,2300,2300,2300,2300,2300,2300,2300,2300,77.57088470458984,0,70.30848693847656,0,4.853721618652344,0,0.2768096923828125,33.396507263183594,2.67962646484375,0,0,0,0,73.89286041259766,90.8105697631836,1.1097793579101563,9.097190856933594,89.16060638427734,79.32192993164063,0,0,64985.71075439453,198063.80352783203,430.07708740234375,16788910080,13421772800,14592471040,5016842240
199,1766836192341,2300,2300,2300,2300,2300,2300,2300,2300,2300,2300,2300,2300,2300,2300,2300,2300,2300,2300,2300,2300,63.50838851928711,0.315399169921875,61.54871368408203,0.3925628662109375,1.9716033935546875,12.231422424316406,0.3884735107421875,65.43611907958984,0.38802337646484375,0.38787078857421875,0.38782501220703125,0.3873748779296875,0.31534576416015625,65.89640808105469,85.37905883789063,1.36102294921875,2.0089874267578125,86.06375885009766,67.89906311035156,0.37659454345703125,0,64991.42950439453,198068.26458740234,430.07708740234375,16788910080,13421772800,14609956864,5016129536
200,1766836192541,2300,2300,2300,2300,2300,2300,2300,2300,2300,2300,2300,2300,2300,2300,2300,2300,2300,2300,2300,2300,49.00991439819336,0.34459686279296875,63.52683639526367,0.6268539428710938,9.190132141113281,27.244422912597656,0.6607742309570313,11.0284423828125,0.6299514770507813,0.6301040649414063,0.6300048828125,0.6300048828125,0.33165740966796875,60.3029899597168,84.17532348632813,0.7093734741210938,0.955169677734375,86.61627197265625,62.86261749267578,0.6123733520507813,0,64996.492736816406,198072.13342285156,430.07818603515625,16788910080,13421772800,14626594816,5014028288
200,1766836192741,2300,2300,2300,2300,2300,2300,2300,2300,2300,2300,2300,2300,2300,2300,2300,2300,2300,2300,2300,2300,13.420829772949219,0.1652374267578125,16.997695922851563,0.10782623291015625,6.897071838378906,0.11356353759765625,0.1136627197265625,25.371055603027344,0.11760711669921875,0.116058349609375,0.11595916748046875,0.11615753173828125,0.09610748291015625,40.07251739501953,53.36511993408203,0.178253173828125,1.3193359375,77.75897979736328,19.11511993408203,0.1060333251953125,0,65000.193115234375,198074.67779541016,430.07818603515625,16788910080,13421772800,14640488448,5018402816
199,1766836192942,2300,2300,2300,2300,2300,2300,2300,2300,2300,2300,2300,2300,2300,2300,2300,2300,2300,2300,2300,2300,18.969497680664063,0,31.94605255126953,0,17.125877380371094,0.15013885498046875,0,30.026214599609375,0,0,0,0,0,43.864749908447266,76.74560546875,0,1.5544662475585938,75.90806579589844,56.261497497558594,0,0,65004.18621826172,198077.4476928711,430.07916259765625,16788910080,13421772800,14666608640,5030060032
199,1766836193142,2300,2300,2300,2300,2300,2300,2300,2300,2300,2300,2300,2300,2300,2300,2300,2300,2300,2300,2300,2300,65.50723266601563,0.9697189331054688,64.54031372070313,2.7371139526367188,36.039756774902344,35.109153747558594,1.0879135131835938,31.9415283203125,1.4481353759765625,1.44818115234375,1.4483871459960938,1.44873046875,0.8717117309570313,66.89177703857422,88.86261749267578,1.95367431640625,4.564399719238281,87.3881607055664,74.83421325683594,1.0101852416992188,0,65010.41259765625,198082.42742919922,430.08056640625,16788910080,13421772800,14675066880,5021925376
200,1766836193342,2300,2300,2300,2300,2300,2300,2300,2300,2300,2300,2300,2300,2300,2300,2300,2300,2300,2300,2300,2300,52.86311340332031,0.20612335205078125,58.49589538574219,0.6612319946289063,46.70290756225586,7.487113952636719,11.693092346191406,45.326053619384766,0.06058502197265625,0.060333251953125,0.06018829345703125,0.05988311767578125,0.19933319091796875,62.13678741455078,85.58821105957031,1.6460647583007813,3.19842529296875,88.36769104003906,64.78071594238281,0.07337188720703125,0,65016.53088378906,198087.2733154297,430.0811767578125,16788910080,13421772800,14702305280,5037027328
200,1766836193543,2300,2300,2300,2300,2300,2300,2300,2300,2300,2300,2300,2300,2300,2300,2300,2300,2300,2300,2300,2300,41.6400032043457,0.13317108154296875,54.01305389404297,0.0785064697265625,19.295211791992188,14.949859619140625,0.058258056640625,70.88501739501953,0.05336761474609375,0.0531158447265625,0.05261993408203125,0.0523681640625,0.12738037109375,56.17854309082031,85.05891418457031,0.41396331787109375,2.714019775390625,83.94799041748047,64.16864013671875,0.1738128662109375,0,65021.405212402344,198090.88452148438,430.08203125,16788910080,13421772800,14701944832,5034672128
200,1766836193743,2300,2300,2300,2300,2300,2300,2300,2300,2300,2300,2300,2300,2300,2300,2300,2300,2300,2300,2300,2300,74.48596954345703,0.20665740966796875,75.82308959960938,0.47597503662109375,19.271209716796875,25.23918914794922,19.82274627685547,70.04666137695313,0.07721710205078125,0,0,0,0.054840087890625,76.795654296875,88.90094757080078,1.3667144775390625,8.477851867675781,88.44117736816406,75.8033676147461,0.02362823486328125,0,65027.803649902344,198096.07080078125,430.08203125,16788910080,13421772800,14767656960,5030285312
197,1766836193946,2300,2300,2300,2300,2300,2300,2300,2300,2300,2300,2300,2300,2300,2300,2300,2300,2300,2300,2300,2300,65.79814910888672,1.0763092041015625,63.075897216796875,5.937286376953125,23.79388427734375,40.172088623046875,0.23986053466796875,46.07725524902344,0,0,0,0,0.28366851806640625,74.16272735595703,88.19514465332031,11.443351745605469,9.006477355957031,87.48616027832031,68.11528778076172,0.0809173583984375,0,65034.09020996094,198101.11975097656,430.08416748046875,16788910080,13421772800,14765420544,5038297088
200,1766836194144,2300,2300,2300,2300,2300,2300,2300,2300,2300,2300,2300,2300,2300,2300,2300,2300,2300,2300,2300,2300,18.910385131835938,0.9983139038085938,21.282119750976563,1.1720046997070313,21.48108673095703,15.948402404785156,20.27550506591797,69.03034973144531,1.0030975341796875,0.9802093505859375,0.9346237182617188,0.9349288940429688,0.9144210815429688,34.07841491699219,71.74482727050781,2.024566650390625,4.286003112792969,64.63058471679688,31.788330078125,0.9494781494140625,0,65038.04895019531,198103.9219970703,430.08477783203125,16788910080,13421772800,14783270912,5392056320
200,1766836194344,2300,2300,2300,2300,2300,2300,2300,2300,2300,2300,2300,2300,2300,2300,2300,2300,2300,2300,2300,2300,13.326515197753906,0.0974578857421875,34.89762878417969,0.1082000732421875,27.790847778320313,3.4406204223632813,0.10884857177734375,69.964599609375,0.10190582275390625,0.11724090576171875,0.1017608642578125,0.10170745849609375,0.097259521484375,26.261337280273438,81.17688751220703,0.1423187255859375,0.7346343994140625,49.659236907958984,26.20184326171875,0.1069488525390625,0,65041.330993652344,198106.08404541016,430.08477783203125,16788910080,13421772800,14794059776,5402406912
200,1766836194545,2300,2300,2300,2300,2300,2300,2300,2300,2300,2300,2300,2300,2300,2300,2300,2300,2300,2300,2300,2300,42.75390625,0.08559417724609375,53.40815734863281,0.078460693359375,31.126693725585938,5.924308776855469,0.06917572021484375,65.3465576171875,0.0755615234375,0.07546234130859375,0.0753631591796875,0.171844482421875,0.08849334716796875,41.292320251464844,81.69886779785156,0.085693359375,3.0749053955078125,80.88223266601563,57.99091339111328,0.09014129638671875,0,65045.83038330078,198109.43353271484,430.08544921875,16788910080,13421772800,14822367232,5416161280
199,1766836194745,2300,2300,2300,2300,2300,2300,2300,2300,2300,2300,2300,2300,2300,2300,2300,2300,2300,2300,2300,2300,22.52509307861328,0.0902252197265625,35.52827453613281,0.16851806640625,26.657394409179688,8.065673828125,0.239776611328125,62.262916564941406,0.1417083740234375,0.14141082763671875,0.14165496826171875,0.14165496826171875,0.069854736328125,27.40178680419922,71.05210876464844,0.09157562255859375,0.8013153076171875,67.18515014648438,25.99968719482422,0.16522979736328125,0,65049.830627441406,198112.34802246094,430.08544921875,16788910080,13421772800,14844981248,5421907968
200,1766836194945,2300,2300,2300,2300,2300,2300,2300,2300,2300,2300,2300,2300,2300,2300,2300,2300,2300,2300,2300,2300,18.792526245117188,0.04938507080078125,28.54290008544922,0.05142974853515625,17.3104248046875,1.7282257080078125,1.2330245971679688,80.15769958496094,0.03890228271484375,0.03874969482421875,0.0386505126953125,0.0384521484375,0.0500335693359375,32.056129455566406,68.49554443359375,0.05158233642578125,0.076446533203125,65.67845153808594,34.062591552734375,0.12548828125,0,65053.84814453125,198115.26190185547,430.08575439453125,16788910080,13421772800,14847627264,5426192384
200,1766836195146,2300,2300,2300,2300,2300,2300,2300,2300,2300,2300,2300,2300,2300,2300,2300,2300,2300,2300,2300,2300,22.676956176757813,0.30029296875,36.75765609741211,1.45721435546875,59.59491729736328,0.5201950073242188,0.39971160888671875,31.736106872558594,0.2650604248046875,0.23715972900390625,0.237213134765625,0.237213134765625,0.22438812255859375,33.483642578125,65.42916870117188,1.437347412109375,4.2006072998046875,80.57579803466797,40.014854431152344,0.2530364990234375,0,65058.051696777344,198118.42474365234,430.08624267578125,16788910080,13421772800,14867038208,5433532416
200,1766836195346,2300,2300,2300,2300,2300,2300,2300,2300,2300,2300,2300,2300,2300,2300,2300,2300,2300,2300,2300,2300,15.466629028320313,0.08872222900390625,24.432273864746094,0.09780120849609375,21.126792907714844,0.8468017578125,0.2015380859375,62.44924545288086,1.2337722778320313,6.437095642089844,0.0789031982421875,0.07884979248046875,1.31890869140625,30.709381103515625,53.7801513671875,0.08388519287109375,6.6119537353515625,67.2028579711914,24.329788208007813,0.10707855224609375,0,65061.30029296875,198120.51959228516,430.08624267578125,16788910080,13421772800,14867275776,5430956032
199,1766836195547,2300,2300,2300,2300,2300,2300,2300,2300,2300,2300,2300,2300,2300,2300,2300,2300,2300,2300,2300,2300,49.44657516479492,0.23203277587890625,60.70043182373047,0.05615234375,0.07410430908203125,0.0500640869140625,0.0500640869140625,0.050018310546875,38.91743469238281,13.067222595214844,21.336990356445313,28.26177978515625,44.85506057739258,1.0865554809570313,86.11540222167969,2.1616897583007813,81.86652374267578,0.812835693359375,57.117431640625,0.0598907470703125,0,65066.28161621094,198124.37957763672,430.08624267578125,16788910080,13421772800,14889545728,5436424192
199,1766836195747,2300,2300,2300,2300,2300,2300,2300,2300,2300,2300,2300,2300,2300,2300,2300,2300,2300,2300,2300,2300,52.319236755371094,0,57.141666412353516,0,0,0,0,0,46.371891021728516,26.48979949951172,25.0396728515625,25.062049865722656,54.20240783691406,0.834075927734375,78.32209777832031,1.9927520751953125,81.1969223022461,0,57.6759033203125,0,0,65072.599548339844,198129.57971191406,430.08624267578125,16788910080,13421772800,14921928704,5455794176
200,1766836195947,2300,2300,2300,2300,2300,2300,2300,2300,2300,2300,2300,2300,2300,2300,2300,2300,2300,2300,2300,2300,71.335205078125,1.9526443481445313,74.51887512207031,0.6973495483398438,0.7459793090820313,0.7186660766601563,0.7191696166992188,0.7191696166992188,30.82263946533203,38.83802032470703,33.912353515625,16.100059509277344,74.08330535888672,1.8794479370117188,88.63088989257813,11.833091735839844,89.53609466552734,3.9955062866210938,76.67347717285156,0.6879119873046875,0,65079.212158203125,198135.01971435547,430.08624267578125,16788910080,13421772800,14889418752,5430624256
199,1766836196148,2300,2300,2300,2300,2300,2300,2300,2300,2300,2300,2300,2300,2300,2300,2300,2300,2300,2300,2300,2300,72.20059967041016,0,75.76773071289063,0,0,0,0,0,69.88953399658203,45.56005859375,13.689033508300781,0,72.61314392089844,0.7339248657226563,89.4938735961914,3.0452957153320313,88.82418823242188,0.6343231201171875,77.19097137451172,0,0,65085.464904785156,198139.9930419922,430.08740234375,16788910080,13421772800,14910472192,5443502080
200,1766836196348,2300,2300,2300,2300,2300,2300,2300,2300,2300,2300,2300,2300,2300,2300,2300,2300,2300,2300,2300,2300,51.29364776611328,0.807342529296875,53.621158599853516,0.7642669677734375,0.7814788818359375,0.6827316284179688,0.6803436279296875,0.680389404296875,54.23896789550781,50.320743560791016,45.789337158203125,29.245620727539063,51.03416442871094,1.8939208984375,81.74483489990234,8.582954406738281,82.7647476196289,2.5211257934570313,55.1727180480957,0.7838668823242188,0,65090.39489746094,198143.73376464844,430.08740234375,16788910080,13421772800,14846099456,5273387008
199,1766836196549,2300,2300,2300,2300,2300,2300,2300,2300,2300,2300,2300,2300,2300,2300,2300,2300,2300,2300,2300,2300,55.77989196777344,4.317588806152344,55.76056671142578,0,1.3689956665039063,0.7476730346679688,0,0,27.18352508544922,91.18669891357422,36.75508117675781,73.38816833496094,61.61963653564453,3.9280166625976563,77.39363861083984,22.805816650390625,81.61459350585938,11.259559631347656,59.97438049316406,1.4277725219726563,0,65095.18536376953,198147.24096679688,430.09197998046875,16788910080,13421772800,14856990720,5296963584
208,1766836196749,2300,2300,2300,2300,2300,2300,2300,2300,2300,2300,2300,2300,2300,2300,2300,2300,2300,2300,2300,2300,72.73706817626953,1.8858489990234375,76.05528259277344,0.46291351318359375,1.4117584228515625,0.7510147094726563,0.5287399291992188,0.4613189697265625,42.42694854736328,62.790645599365234,18.865951538085938,20.893287658691406,76.93930053710938,1.8672409057617188,87.68160247802734,10.025070190429688,88.28400421142578,3.3679733276367188,77.34996795654297,1.193023681640625,0,65101.701232910156,198152.5029296875,430.0941162109375,16788910080,13421772800,14882160640,5314002944
260,1766836196958,2300,2300,2300,2300,2300,2300,2300,2300,2300,2300,2300,2300,2300,2300,2300,2300,2300,2300,2300,2300,90.44139099121094,45.38479995727539,91.42882537841797,41.48191452026367,0,0,0,0,0,0,0,0,93.42179107666016,52.83586883544922,93.55233764648438,66.58757781982422,95.48589324951172,45.88241958618164,91.59782409667969,42.567256927490234,0,65119.37451171875,198167.23388671875,430.097412109375,16788910080,13421772800,14910255104,5324480512
184,1766836197235,2300,2300,2300,2300,2300,2300,2300,2300,2300,2300,2300,2300,2300,2300,2300,2300,2300,2300,2300,2300,98.85107421875,82.24462127685547,98.58085632324219,82.01470184326172,16.918312072753906,22.152992248535156,22.249496459960938,13.491851806640625,12.025978088378906,14.638748168945313,23.878585815429688,11.940986633300781,98.88629150390625,81.33747100830078,99.36678314208984,82.82196807861328,99.427734375,82.53109741210938,99.14262390136719,81.36015319824219,0,65120.61901855469,198168.2974243164,430.10235595703125,16788910080,13421772800,14933942272,5328109568
200,1766836197420,2300,2300,2300,2300,2300,2300,2300,2300,2300,2300,2300,2300,2300,2300,2300,2300,2300,2300,2300,2300,94.46969604492188,68.04953002929688,97.60979461669922,60.4506950378418,26.506973266601563,12.629936218261719,4.203948974609375,3.806365966796875,6.993492126464844,1.6024169921875,5.881813049316406,4.433433532714844,96.57538604736328,64.8520736694336,96.85071563720703,90.89100646972656,96.11267852783203,79.45171356201172,96.8857192993164,65.02925109863281,0,65128.18798828125,198174.75604248047,430.10235595703125,16788910080,13421772800,14934945792,5309992960
200,1766836197620,2300,2300,2300,2300,2300,2300,2300,2300,2300,2300,2300,2300,2300,2300,2300,2300,2300,2300,2300,2300,88.30240631103516,17.75115203857422,91.81475830078125,0.5663909912109375,2.2911300659179688,0.36110687255859375,3.2495193481445313,0.31870269775390625,19.803138732910156,13.690986633300781,17.627059936523438,5.5804290771484375,90.39893341064453,11.641983032226563,89.46910095214844,67.30500793457031,90.80418395996094,32.093544006347656,90.87216186523438,3.0009841918945313,0,65134.97839355469,198180.26141357422,430.10235595703125,16788910080,13421772800,14958952448,5338402816
199,1766836197821,2300,2300,2300,2300,2300,2300,2300,2300,2300,2300,2300,2300,2300,2300,2300,2300,2300,2300,2300,2300,54.58572769165039,1.935211181640625,59.420074462890625,0.134002685546875,3.1462020874023438,1.3644790649414063,0.417938232421875,0.22647857666015625,38.77671432495117,18.633056640625,16.144447326660156,12.4815673828125,63.691253662109375,14.519073486328125,82.81533813476563,17.625694274902344,85.38233947753906,5.9229583740234375,62.37345886230469,0.12258148193359375,0,65140.601989746094,198184.63537597656,430.10498046875,16788910080,13421772800,14967525376,5347704832
199,1766836198021,2300,2300,2300,2300,2300,2300,2300,2300,2300,2300,2300,2300,2300,2300,2300,2300,2300,2300,2300,2300,73.537353515625,0.966217041015625,75.07017517089844,0.45598602294921875,0.44525909423828125,0.44510650634765625,0.44500732421875,0.44490814208984375,34.31251525878906,38.64860153198242,3.820098876953125,0.4114837646484375,78.03746032714844,1.6874465942382813,85.62064361572266,23.848472595214844,89.76460266113281,2.2331390380859375,78.12483215332031,0.44098663330078125,0,65146.51300048828,198189.26104736328,430.10498046875,16788910080,13421772800,14959456256,5341319168
200,1766836198222,2300,2300,2300,2300,2300,2300,2300,2300,2300,2300,2300,2300,2300,2300,2300,2300,2300,2300,2300,2300,74.95513916015625,0,77.99226379394531,0,0,0,0,0,80.3917007446289,11.042800903320313,0,0,82.27042388916016,0.9929885864257813,90.48934936523438,1.5284881591796875,89.50072479248047,0.22182464599609375,80.3963623046875,0,0,65152.986083984375,198194.47216796875,430.10540771484375,16788910080,13421772800,14965190656,5341143040
199,1766836198422,2300,2300,2300,2300,2300,2300,2300,2300,2300,2300,2300,2300,2300,2300,2300,2300,2300,2300,2300,2300,78.95559692382813,1.5594940185546875,81.38308715820313,0.352691650390625,0.33223724365234375,0.3321380615234375,0.33203887939453125,0.33188629150390625,65.9128646850586,29.854507446289063,10.314720153808594,0.38988494873046875,82.16827392578125,1.660186767578125,90.00604248046875,8.438735961914063,90.85388946533203,4.772666931152344,82.82658386230469,0.43224334716796875,0,65160.067932128906,198200.5791015625,430.10638427734375,16788910080,13421772800,14962548736,5342052352
200,1766836198622,2300,2300,2300,2300,2300,2300,2300,2300,2300,2300,2300,2300,2300,2300,2300,2300,2300,2300,2300,2300,74.42037963867188,3.60382080078125,78.53396606445313,0.10498046875,0.12670135498046875,0.1266021728515625,0.12640380859375,0.1269989013671875,19.716842651367188,69.53739929199219,6.913414001464844,13.49853515625,79.24757385253906,1.663970947265625,86.99718475341797,10.893775939941406,90.1424560546875,4.552581787109375,82.8770751953125,0.163116455078125,0,65168.56066894531,198207.66571044922,430.10638427734375,16788910080,13421772800,14978576384,5354094592
199,1766836198824,2300,2300,2300,2300,2300,2300,2300,2300,2300,2300,2300,2300,2300,2300,2300,2300,2300,2300,2300,2300,80.64862823486328,9.810157775878906,87.9212417602539,0,22.9449462890625,16.673851013183594,8.231468200683594,0,20.739120483398438,12.363914489746094,14.524513244628906,2.7860183715820313,85.56415557861328,4.282997131347656,90.14155578613281,29.524627685546875,91.24795532226563,24.651702880859375,86.67485809326172,0.9613800048828125,0,65175.34655761719,198213.0518798828,430.10638427734375,16788910080,13421772800,14981648384,5359878144
201,1766836199024,2300,2300,2300,2300,2300,2300,2300,2300,2300,2300,2300,2300,2300,2300,2300,2300,2300,2300,2300,2300,74.60321807861328,1.7344284057617188,80.88662719726563,1.007232666015625,1.6701736450195313,1.7520217895507813,1.00311279296875,1.0033111572265625,56.44127655029297,24.027053833007813,1.9520187377929688,13.660118103027344,80.92549133300781,2.7979660034179688,89.10999298095703,13.5181884765625,89.33196258544922,4.602226257324219,79.52942657470703,1.715118408203125,0,65182.433166503906,198218.94219970703,430.10699462890625,16788910080,13421772800,14971588608,5353123840
199,1766836199226,2300,2300,2300,2300,2300,2300,2300,2300,2300,2300,2300,2300,2300,2300,2300,2300,2300,2300,2300,2300,77.56614685058594,5.554176330566406,83.53204345703125,1.3590774536132813,0.985809326171875,0.5926284790039063,0.5948410034179688,0.6056594848632813,22.310081481933594,43.712440490722656,30.547988891601563,3.2127304077148438,82.00288391113281,3.684051513671875,86.5671157836914,35.57666015625,89.84534454345703,13.253105163574219,82.72881317138672,1.1777267456054688,0,65190.62628173828,198225.8260498047,430.10699462890625,16788910080,13421772800,14985576448,5364613120
199,1766836199426,2300,2300,2300,2300,2300,2300,2300,2300,2300,2300,2300,2300,2300,2300,2300,2300,2300,2300,2300,2300,81.4306869506836,5.454986572265625,85.16149139404297,0.37018585205078125,4.8380126953125,0.9411468505859375,1.1586074829101563,2.7218704223632813,39.16794204711914,32.544456481933594,35.89973449707031,3.0287551879882813,86.20295715332031,4.086700439453125,89.81461334228516,32.59196472167969,89.60723876953125,17.141738891601563,84.06088256835938,0.32807159423828125,0,65198.46356201172,198232.35229492188,430.107666015625,16788910080,13421772800,14936719360,5309538304
200,1766836199626,2300,2300,2300,2300,2300,2300,2300,2300,2300,2300,2300,2300,2300,2300,2300,2300,2300,2300,2300,2300,71.39789581298828,3.732513427734375,78.06101989746094,0,1.4032669067382813,7.366920471191406,1.3321762084960938,1.7585067749023438,15.577415466308594,34.254600524902344,34.82740020751953,4.919677734375,75.76416015625,3.251251220703125,87.18247985839844,31.220108032226563,91.5215835571289,13.097145080566406,85.96633911132813,0,0,65205.21417236328,198237.82092285156,430.107666015625,16788910080,13421772800,14948114432,5321043968
199,1766836199827,2300,2300,2300,2300,2300,2300,2300,2300,2300,2300,2300,2300,2300,2300,2300,2300,2300,2300,2300,2300,59.72854232788086,9.578086853027344,77.59225463867188,0,0,0.35906219482421875,0,0,31.68280792236328,44.19916534423828,9.137344360351563,2.7905731201171875,74.26752471923828,3.3138351440429688,89.41551971435547,7.383827209472656,89.08143615722656,7.708473205566406,72.62553405761719,0,0,65213.11169433594,198244.4510498047,430.10784912109375,16788910080,13421772800,14932570112,5312221184
200,1766836200027,2300,2300,2300,2300,2300,2300,2300,2300,2300,2300,2300,2300,2300,2300,2300,2300,2300,2300,2300,2300,62.470340728759766,1.8441162109375,68.39028930664063,0.37152099609375,3.0007247924804688,1.0003433227539063,0.30689239501953125,0.30664825439453125,36.49525833129883,46.61769104003906,34.93675994873047,6.748687744140625,72.00335693359375,4.428474426269531,86.88433074951172,7.0574798583984375,89.61511993408203,3.059112548828125,69.22926330566406,0.41551971435546875,0,65219.245056152344,198249.31396484375,430.10882568359375,16788910080,13421772800,14954000384,5327859712
200,1766836200227,2300,2300,2300,2300,2300,2300,2300,2300,2300,2300,2300,2300,2300,2300,2300,2300,2300,2300,2300,2300,36.92655944824219,0.7991485595703125,62.66396713256836,0.45147705078125,0.7082138061523438,0.5555801391601563,0.44458770751953125,0.44458770751953125,16.652244567871094,5.199668884277344,2.3778839111328125,3.7604446411132813,41.103111267089844,1.9482574462890625,83.08333587646484,1.4592742919921875,88.23896026611328,0.7252731323242188,62.24910354614258,0.5054473876953125,0,65223.91375732422,198252.81915283203,430.10882568359375,16788910080,13421772800,14958592000,5339971584
199,1766836200427,2300,2300,2300,2300,2300,2300,2300,2300,2300,2300,2300,2300,2300,2300,2300,2300,2300,2300,2300,2300,0.5482940673828125,0.10193634033203125,15.687103271484375,0.126312255859375,0.13315582275390625,0.10982513427734375,0.1105804443359375,0.12660980224609375,1.1001815795898438,0.2093658447265625,0.15167999267578125,0.1086273193359375,0.120513916015625,0.45479583740234375,56.93697738647461,0.161468505859375,51.911434173583984,0.127105712890625,39.10614776611328,0.14234161376953125,0,65226.0322265625,198253.82147216797,430.1092529296875,16788910080,13421772800,14930182144,5320347648
200,1766836200627,2300,2300,2300,2300,2300,2300,2300,2300,2300,2300,2300,2300,2300,2300,2300,2300,2300,2300,2300,2300,14.4805908203125,0.087188720703125,20.372825622558594,0.0598907470703125,0.05168914794921875,0.0518951416015625,0.05084228515625,0.05109405517578125,2.6626663208007813,6.1910400390625,0.7236785888671875,0.050994873046875,6.612419128417969,0.0392913818359375,65.7213363647461,1.0455780029296875,60.69145584106445,0.0327911376953125,43.35723114013672,0.05693817138671875,0,65228.855895996094,198255.53485107422,430.1092529296875,16788910080,13421772800,14940479488,5331898368
200,1766836200828,2300,2300,2300,2300,2300,2300,2300,2300,2300,2300,2300,2300,2300,2300,2300,2300,2300,2300,2300,2300,38.46722412109375,7.2666473388671875,38.243648529052734,1.930755615234375,0.7100143432617188,1.5245895385742188,1.9856491088867188,0,15.278114318847656,8.020843505859375,5.02032470703125,1.3028106689453125,40.771732330322266,5.281944274902344,74.3349609375,13.102737426757813,77.08961486816406,10.029426574707031,52.62870407104492,1.867279052734375,0,65233.265686035156,198258.7797241211,430.1092529296875,16788910080,13421772800,14958395392,5340950528
200,1766836201029,2300,2300,2300,2300,2300,2300,2300,2300,2300,2300,2300,2300,2300,2300,2300,2300,2300,2300,2300,2300,13.038864135742188,0.6483154296875,30.86773681640625,0.6441268920898438,0.01795196533203125,0.01779937744140625,0.0290679931640625,0.01755523681640625,19.89209747314453,5.220832824707031,0.41809844970703125,0.02228546142578125,6.454132080078125,0.8361968994140625,63.043025970458984,13.543022155761719,80.03704833984375,0.9876327514648438,32.1014404296875,0.427276611328125,0,65237.192810058594,198261.5894165039,430.11126708984375,16788910080,13421772800,14892916736,5298237440
200,1766836201229,2300,2300,2300,2300,2300,2300,2300,2300,2300,2300,2300,2300,2300,2300,2300,2300,2300,2300,2300,2300,1.0339279174804688,0.24017333984375,14.58770751953125,0.2481536865234375,0.2388763427734375,0.23857879638671875,0.24979400634765625,0.2383270263671875,0.23818206787109375,0.2649993896484375,0.237884521484375,0.23778533935546875,0.5347824096679688,0.23992919921875,73.01127624511719,0.4466552734375,72.3702163696289,0.24196624755859375,18.639877319335938,0.25787353515625,0,65239.92059326172,198263.22424316406,430.11126708984375,16788910080,13421772800,14887518208,5301686272
200,1766836201430,2300,2300,2300,2300,2300,2300,2300,2300,2300,2300,2300,2300,2300,2300,2300,2300,2300,2300,2300,2300,5.605705261230469,0,19.167213439941406,0.01401519775390625,0,0.00418853759765625,0,0,0.39427947998046875,0.031280517578125,0,0,1.7322998046875,0.02603912353515625,72.27238464355469,0.2613372802734375,70.66424560546875,0.1566314697265625,54.39081573486328,0.00139617919921875,0,65242.90576171875,198265.08276367188,430.11224365234375,16788910080,13421772800,14898216960,5309313024
224,1766836201630,2300,2300,2300,2300,2300,2300,2300,2300,2300,2300,2300,2300,2300,2300,2300,2300,2300,2300,2300,2300,22.619407653808594,0,35.955299377441406,0,0,0,0,0,2.695648193359375,0.02075958251953125,0,0,7.209815979003906,0,66.00213623046875,0.10608673095703125,55.50839614868164,0,41.228092193603516,0,0,65245.906188964844,198266.93041992188,430.1129150390625,16788910080,13421772800,14905581568,5316390912
199,1766836201855,2300,2300,2300,2300,2300,2300,2300,2300,2300,2300,2300,2300,2300,2300,2300,2300,2300,2300,2300,2300,91.35994720458984,80.20008087158203,92.08899688720703,78.09239959716797,15.948371887207031,9.693763732910156,1.2856292724609375,7.2779693603515625,28.083419799804688,52.21280288696289,6.663642883300781,14.293327331542969,94.54505920410156,77.64703369140625,97.80557250976563,84.90243530273438,96.36715698242188,81.16709899902344,95.29743957519531,76.49420928955078,0,65255.251220703125,198274.60705566406,430.1129150390625,16788910080,13421772800,14963642368,5350813696
200,1766836202055,2300,2300,2300,2300,2300,2300,2300,2300,2300,2300,2300,2300,2300,2300,2300,2300,2300,2300,2300,2300,95.04705047607422,72.17857360839844,94.58545684814453,70.51469421386719,15.563751220703125,12.120574951171875,7.2760162353515625,6.8674468994140625,7.0678863525390625,6.797027587890625,10.322715759277344,20.346031188964844,95.66659545898438,71.18346405029297,97.73909759521484,73.4447021484375,97.47404479980469,74.12256622314453,96.48501586914063,70.86678314208984,0,65262.22540283203,198280.3865966797,430.11541748046875,16788910080,13421772800,15010209792,5375037440
200,1766836202256,2300,2300,2300,2300,2300,2300,2300,2300,2300,2300,2300,2300,2300,2300,2300,2300,2300,2300,2300,2300,86.07096862792969,60.87352752685547,85.60895538330078,57.11323165893555,2.1742095947265625,4.229240417480469,14.638084411621094,0.30985260009765625,0.36019134521484375,0.7877273559570313,4.616767883300781,0,87.2352523803711,60.82927703857422,94.24508666992188,57.48090362548828,93.7004165649414,57.47626495361328,86.38745880126953,57.10375213623047,0,65269.737854003906,198286.61004638672,430.11541748046875,16788910080,13421772800,15024709632,5373980672
194,1766836202462,2300,2300,2300,2300,2300,2300,2300,2300,2300,2300,2300,2300,2300,2300,2300,2300,2300,2300,2300,2300,91.04669189453125,14.507911682128906,97.55855560302734,13.481391906738281,2.266754150390625,2.4829254150390625,1.3219833374023438,1.1583786010742188,6.447868347167969,11.029251098632813,36.232173919677734,9.515869140625,92.83834838867188,6.414665222167969,93.1669692993164,38.5477180480957,95.65081787109375,42.77423858642578,97.3025894165039,10.215225219726563,0,65277.12274169922,198292.68426513672,430.1163330078125,16788910080,13421772800,15018856448,5372997632
200,1766836202657,2300,2300,2300,2300,2300,2300,2300,2300,2300,2300,2300,2300,2300,2300,2300,2300,2300,2300,2300,2300,73.60379791259766,2.5118255615234375,68.37686157226563,1.58441162109375,1.53338623046875,1.5326156616210938,1.53271484375,1.5313262939453125,66.38822937011719,29.94365692138672,24.87828826904297,2.5800628662109375,75.9172592163086,1.6259307861328125,87.95529174804688,2.0957794189453125,89.10073852539063,1.7036819458007813,72.86719512939453,1.5827178955078125,0,65283.12664794922,198297.4637451172,430.1163330078125,16788910080,13421772800,14997004288,5336813568
200,1766836202857,2300,2300,2300,2300,2300,2300,2300,2300,2300,2300,2300,2300,2300,2300,2300,2300,2300,2300,2300,2300,76.0777587890625,0.8965682983398438,71.29317474365234,0.18976593017578125,0.189666748046875,0.2267303466796875,0.18946075439453125,0.189361572265625,84.7469253540039,22.968673706054688,0.32488250732421875,0.191009521484375,74.95381927490234,0.18781280517578125,88.01995086669922,1.2106094360351563,88.4216537475586,0.1879119873046875,75.21257019042969,0.18671417236328125,0,65290.464599609375,198303.52130126953,430.1163330078125,16788910080,13421772800,15013535744,5347758080
199,1766836203058,2300,2300,2300,2300,2300,2300,2300,2300,2300,2300,2300,2300,2300,2300,2300,2300,2300,2300,2300,2300,71.47118377685547,0.49196624755859375,68.58979797363281,0.22857666015625,0.22847747802734375,0.22827911376953125,0.228179931640625,0.22808074951171875,70.74874877929688,5.5401153564453125,0.7902145385742188,0.26065826416015625,71.66088104248047,0.21527099609375,87.44471740722656,2.6681594848632813,87.2863540649414,1.316253662109375,71.90187072753906,0.2242584228515625,0,65296.8681640625,198308.64990234375,430.11700439453125,16788910080,13421772800,14997635072,5340930048
200,1766836203257,2300,2300,2300,2300,2300,2300,2300,2300,2300,2300,2300,2300,2300,2300,2300,2300,2300,2300,2300,2300,78.20639038085938,0.5671920776367188,78.50896453857422,0.1807098388671875,0.175537109375,0.19441986083984375,0.17574310302734375,0.175689697265625,67.48068237304688,11.552742004394531,0.2238922119140625,0.19165802001953125,77.06116485595703,0.1183013916015625,90.91229248046875,1.4468994140625,91.03712463378906,0.43990325927734375,80.02847290039063,0.17263031005859375,0,65303.57922363281,198314.08331298828,430.11700439453125,16788910080,13421772800,15008075776,5351133184
200,1766836203458,2300,2300,2300,2300,2300,2300,2300,2300,2300,2300,2300,2300,2300,2300,2300,2300,2300,2300,2300,2300,86.55521392822266,2.4272537231445313,84.15708923339844,0,1.0698699951171875,0,0,0,60.165245056152344,14.524742126464844,1.608673095703125,0.6009445190429688,84.67691040039063,0.28351593017578125,86.54022979736328,24.59148406982422,92.11396026611328,8.351226806640625,84.56102752685547,0,0,65309.68566894531,198318.85943603516,430.11700439453125,16788910080,13421772800,15017013248,5356638208
200,1766836203658,2300,2300,2300,2300,2300,2300,2300,2300,2300,2300,2300,2300,2300,2300,2300,2300,2300,2300,2300,2300,64.14790344238281,1.0312728881835938,64.7722396850586,0,0,0,0,0,28.273963928222656,29.02379608154297,18.330810546875,2.9413070678710938,71.34065246582031,0,84.48135375976563,7.114471435546875,86.783447265625,5.64044189453125,69.63806915283203,0.051422119140625,0,65315.28674316406,198323.2081298828,430.11785888671875,16788910080,13421772800,15025106944,5367955456
199,1766836203859,2300,2300,2300,2300,2300,2300,2300,2300,2300,2300,2300,2300,2300,2300,2300,2300,2300,2300,2300,2300,77.09143829345703,0,72.50045776367188,0,0,0,0,0,28.08275604248047,6.8809814453125,0,0,76.26409912109375,0,86.76812744140625,3.847625732421875,90.60304260253906,0,78.04190826416016,0,0,65320.881408691406,198327.51721191406,430.11785888671875,16788910080,13421772800,15010365440,5354881024
200,1766836204059,2300,2300,2300,2300,2300,2300,2300,2300,2300,2300,2300,2300,2300,2300,2300,2300,2300,2300,2300,2300,68.89407348632813,0.9595870971679688,62.12186050415039,0,0.5118484497070313,0.46327972412109375,0.03006744384765625,0,60.95140075683594,23.952499389648438,11.166999816894531,11.411911010742188,60.93470764160156,0.36669158935546875,90.55286407470703,8.363861083984375,83.99258422851563,1.5129623413085938,67.0901870727539,0,0,65327.09753417969,198332.51959228516,430.11883544921875,16788910080,13421772800,14993018880,5331173376
200,1766836204259,2300,2300,2300,2300,2300,2300,2300,2300,2300,2300,2300,2300,2300,2300,2300,2300,2300,2300,2300,2300,15.958076477050781,1.2170028686523438,18.08177947998047,0.16222381591796875,0.09844207763671875,0.09844207763671875,0.09824371337890625,0.0981903076171875,12.785881042480469,16.718582153320313,0.1039886474609375,0.1038818359375,10.263511657714844,0.198028564453125,79.81929016113281,9.543357849121094,75.14640045166016,2.6639556884765625,31.24024200439453,0.174957275390625,0,65330.73840332031,198334.99072265625,430.11883544921875,16788910080,13421772800,15000449024,5336866816
200,1766836204460,2300,2300,2300,2300,2300,2300,2300,2300,2300,2300,2300,2300,2300,2300,2300,2300,2300,2300,2300,2300,36.34235763549805,0.00928497314453125,34.34003448486328,0,0,0,0,0,18.353836059570313,7.1945343017578125,0.7400054931640625,0,21.583694458007813,0,74.64397430419922,8.266807556152344,79.67597961425781,1.0905914306640625,54.242897033691406,0,0,65335.027587890625,198338.07873535156,430.11883544921875,16788910080,13421772800,14999142400,5342035968
199,1766836204660,2300,2300,2300,2300,2300,2300,2300,2300,2300,2300,2300,2300,2300,2300,2300,2300,2300,2300,2300,2300,72.13536834716797,0.269378662109375,72.9866943359375,0.1376800537109375,0.1599273681640625,0.16002655029296875,0.15982818603515625,0.160125732421875,40.38295364379883,34.318817138671875,15.147575378417969,3.0606536865234375,73.79676818847656,0.1454620361328125,88.57005310058594,1.3960647583007813,87.06514739990234,0.16336822509765625,76.15110778808594,0.149200439453125,0,65340.813903808594,198342.6201171875,430.11944580078125,16788910080,13421772800,15002271744,5343744000
201,1766836204860,2300,2300,2300,2300,2300,2300,2300,2300,2300,2300,2300,2300,2300,2300,2300,2300,2300,2300,2300,2300,67.82965087890625,0,69.56696319580078,0,0,0,0,0,33.879913330078125,7.0434722900390625,0,0,76.2820816040039,0,89.80522918701172,5.481224060058594,86.47815704345703,0.15062713623046875,73.72825622558594,0,0,65346.47546386719,198347.1307373047,430.11944580078125,16788910080,13421772800,15013859328,5342048256
200,1766836205062,2300,2300,2300,2300,2300,2300,2300,2300,2300,2300,2300,2300,2300,2300,2300,2300,2300,2300,2300,2300,78.37183380126953,0.1348724365234375,78.82354736328125,0.13873291015625,0.1327972412109375,0.133087158203125,0.13314056396484375,0.13318634033203125,4.794822692871094,3.2435531616210938,0.14249420166015625,0.1424407958984375,79.92404174804688,0.13521575927734375,92.54944610595703,3.4851913452148438,90.35102844238281,0.144866943359375,74.18377685546875,0.16495513916015625,0,65352.83154296875,198352.2984008789,430.11962890625,16788910080,13421772800,15009984512,5350572032
199,1766836205263,2300,2300,2300,2300,2300,2300,2300,2300,2300,2300,2300,2300,2300,2300,2300,2300,2300,2300,2300,2300,54.39744567871094,0.6234664916992188,55.005916595458984,0.9311447143554688,0.9211807250976563,0.9213790893554688,0.9216766357421875,0.9217758178710938,2.0906906127929688,1.2617874145507813,0.92242431640625,0.9224700927734375,41.16472625732422,0.63970947265625,84.37714385986328,17.792816162109375,84.40977478027344,2.2277603149414063,64.30738830566406,0.9368209838867188,0,65356.832946777344,198355.2474975586,430.120849609375,16788910080,13421772800,14995853312,5337432064
200,1766836205463,2300,2300,2300,2300,2300,2300,2300,2300,2300,2300,2300,2300,2300,2300,2300,2300,2300,2300,2300,2300,25.560821533203125,0,30.673095703125,0,0,0,0,0.01563262939453125,21.778366088867188,0.9927825927734375,0.01548004150390625,0.01552581787109375,13.359733581542969,0,77.86400604248047,1.9359130859375,71.78134155273438,1.0869064331054688,39.42040252685547,0.0697784423828125,0,65360.04528808594,198357.50164794922,430.120849609375,16788910080,13421772800,14995570688,5337411584
200,1766836205663,2300,2300,2300,2300,2300,2300,2300,2300,2300,2300,2300,2300,2300,2300,2300,2300,2300,2300,2300,2300,34.9324951171875,0,41.473079681396484,0,0,0,0,0,0,0,0,0,6.469818115234375,0,81.4789810180664,1.3377304077148438,73.44266510009766,0.16538238525390625,48.2172737121582,0,0,65364.278564453125,198360.48822021484,430.12176513671875,16788910080,13421772800,15007002624,5342052352
199,1766836205864,2300,2300,2300,2300,2300,2300,2300,2300,2300,2300,2300,2300,2300,2300,2300,2300,2300,2300,2300,2300,30.565353393554688,0.5314254760742188,55.533935546875,0.5496978759765625,0.5558013916015625,0.5556564331054688,0.5554580688476563,0.6001358032226563,0.6002883911132813,0.600189208984375,0.60003662109375,0.5998382568359375,2.4956817626953125,0.5312271118164063,71.70150756835938,1.0162353515625,72.78585815429688,0.5567474365234375,50.59733581542969,0.5334625244140625,0,65367.59265136719,198362.70867919922,430.12213134765625,16788910080,13421772800,15001923584,5345206272
200,1766836206064,2300,2300,2300,2300,2300,2300,2300,2300,2300,2300,2300,2300,2300,2300,2300,2300,2300,2300,2300,2300,55.738861083984375,0,51.186683654785156,0,0,0,0,0,0.42311859130859375,0,0,0,39.2591438293457,0,82.56318664550781,2.1385879516601563,77.2760238647461,1.5113449096679688,56.13197708129883,0,0,65371.979064941406,198365.94653320313,430.12286376953125,16788910080,13421772800,14995202048,5330845696
200,1766836206264,2300,2300,2300,2300,2300,2300,2300,2300,2300,2300,2300,2300,2300,2300,2300,2300,2300,2300,2300,2300,63.6492805480957,0.23346710205078125,63.99705505371094,0.33978271484375,0.31346893310546875,0.3137664794921875,0.31341552734375,0.3133697509765625,23.653106689453125,3.9501800537109375,0.5920257568359375,0.3104705810546875,62.95392608642578,0.2474517822265625,86.73627471923828,8.805412292480469,92.95344543457031,0.9067916870117188,77.10931396484375,0.2485504150390625,0,65377.868591308594,198370.6372680664,430.12347412109375,16788910080,13421772800,15016411136,5351026688
200,1766836206465,2300,2300,2300,2300,2300,2300,2300,2300,2300,2300,2300,2300,2300,2300,2300,2300,2300,2300,2300,2300,9.421737670898438,0.25948333740234375,19.1605224609375,0.2749481201171875,0.27504730224609375,0.27504730224609375,0.274993896484375,0.27504730224609375,11.484100341796875,0.3922882080078125,0.29650115966796875,0.27504730224609375,1.73907470703125,0.24510955810546875,69.45704650878906,0.5020980834960938,60.513858795166016,0.27509307861328125,28.288856506347656,0.2931060791015625,0,65380.944274902344,198372.66876220703,430.12347412109375,16788910080,13421772800,14995439616,5324333056
199,1766836206666,2300,2300,2300,2300,2300,2300,2300,2300,2300,2300,2300,2300,2300,2300,2300,2300,2300,2300,2300,2300,66.50672912597656,0,69.12273406982422,0,0,0,0,0,0.8415069580078125,0,0,0,58.492332458496094,0,86.31094360351563,0.680755615234375,87.23979187011719,0,72.74363708496094,0,0,65386.462646484375,198376.9887084961,430.12347412109375,16788910080,13421772800,15005818880,5350211584
200,1766836206866,2300,2300,2300,2300,2300,2300,2300,2300,2300,2300,2300,2300,2300,2300,2300,2300,2300,2300,2300,2300,71.42710876464844,0.8516693115234375,77.34918212890625,0.8520660400390625,0.852020263671875,0.8518218994140625,0.8518218994140625,0.8646774291992188,7.93719482421875,4.762489318847656,1.4951400756835938,0.8513717651367188,78.90890502929688,0.8616867065429688,87.98345184326172,3.9007034301757813,89.02497863769531,0.8467864990234375,78.97936248779297,0.8507232666015625,0,65392.519470214844,198381.80255126953,430.1239013671875,16788910080,13421772800,15009722368,5351337984
200,1766836207066,2300,2300,2300,2300,2300,2300,2300,2300,2300,2300,2300,2300,2300,2300,2300,2300,2300,2300,2300,2300,59.05514907836914,0.15494537353515625,68.9398193359375,0.2308197021484375,0.2306671142578125,0.2306671142578125,0.23091888427734375,0.23276519775390625,1.2490081787109375,0.23287200927734375,0.23297119140625,0.23321533203125,53.195274353027344,0.18071746826171875,86.07878875732422,0.8475570678710938,87.2282943725586,0.20050048828125,70.27629089355469,0.21263885498046875,0,65397.95379638672,198386.0966796875,430.12481689453125,16788910080,13421772800,15011811328,5351620608
199,1766836207268,2300,2300,2300,2300,2300,2300,2300,2300,2300,2300,2300,2300,2300,2300,2300,2300,2300,2300,2300,2300,36.99867248535156,0,46.848289489746094,0,0,0,0,0,0,0,0,0,12.403121948242188,0,76.73518371582031,0.847564697265625,85.11695861816406,0,49.63460922241211,0,0,65402.2294921875,198389.30725097656,430.12579345703125,16788910080,13421772800,14995791872,5336158208
199,1766836207468,2300,2300,2300,2300,2300,2300,2300,2300,2300,2300,2300,2300,2300,2300,2300,2300,2300,2300,2300,2300,44.42786407470703,0,51.05210876464844,0,0,0,0,0,2.404541015625,0,0,0,38.90345001220703,0,74.95246887207031,2.8327560424804688,85.51338195800781,0.8744583129882813,62.794189453125,0,0,65407.137451171875,198393.13452148438,430.12579345703125,16788910080,13421772800,15010996224,5350944768
199,1766836207668,2300,2300,2300,2300,2300,2300,2300,2300,2300,2300,2300,2300,2300,2300,2300,2300,2300,2300,2300,2300,70.73790740966797,0.8519210815429688,70.92516326904297,0,0,0,0,0,1.226837158203125,0,0,0,74.13653564453125,0,84.72795867919922,11.093482971191406,87.05667114257813,0.9801101684570313,72.22616577148438,0,0,65413.38562011719,198398.30834960938,430.12579345703125,16788910080,13421772800,15011835904,5357723648
200,1766836207868,2300,2300,2300,2300,2300,2300,2300,2300,2300,2300,2300,2300,2300,2300,2300,2300,2300,2300,2300,2300,63.88129425048828,1.9417495727539063,70.23814392089844,0.5113525390625,0.5078353881835938,0.5078353881835938,0.5077362060546875,0.5076370239257813,12.239273071289063,6.872406005859375,2.3025283813476563,0.507537841796875,72.58324432373047,0.6136550903320313,83.64419555664063,27.641372680664063,87.41534423828125,4.3022918701171875,68.59332275390625,0.5071945190429688,0,65418.824951171875,198402.78369140625,430.13470458984375,16788910080,13421772800,15020273664,5371092992
200,1766836208069,2300,2300,2300,2300,2300,2300,2300,2300,2300,2300,2300,2300,2300,2300,2300,2300,2300,2300,2300,2300,61.123138427734375,2.1583404541015625,60.44890594482422,0.07530975341796875,0,0,0,0,3.1763916015625,2.749755859375,0,0,68.50325012207031,0.58990478515625,79.22553253173828,7.694190979003906,87.59314727783203,1.4241714477539063,67.00855255126953,0,0,65424.21545410156,198406.70330810547,430.1358642578125,16788910080,13421772800,15009935360,5361262592
200,1766836208269,2300,2300,2300,2300,2300,2300,2300,2300,2300,2300,2300,2300,2300,2300,2300,2300,2300,2300,2300,2300,40.53758239746094,0.24469757080078125,46.70957946777344,0.25835418701171875,0.2425994873046875,0.24155426025390625,0.240509033203125,0.24095916748046875,14.42327880859375,1.6409378051757813,0.5390853881835938,0.23841094970703125,49.22157669067383,0.2253570556640625,76.41664123535156,3.0509796142578125,86.67647552490234,0.8509750366210938,46.48821258544922,0.24738311767578125,0,65428.787658691406,198410.06817626953,430.13787841796875,16788910080,13421772800,15005147136,5340061696
200,1766836208470,2300,2300,2300,2300,2300,2300,2300,2300,2300,2300,2300,2300,2300,2300,2300,2300,2300,2300,2300,2300,0.302490234375,0.28774261474609375,1.3898773193359375,0.2901763916015625,0.29003143310546875,0.28983306884765625,0.28973388671875,0.28963470458984375,0.32781219482421875,0.28928375244140625,0.2891845703125,0.28908538818359375,0.28759765625,0.2873992919921875,55.922943115234375,0.30904388427734375,56.382266998291016,0.30020904541015625,13.908561706542969,0.30303955078125,0,65431.17346191406,198411.43237304688,430.13787841796875,16788910080,13421772800,15016583168,5351583744
200,1766836208670,2300,2300,2300,2300,2300,2300,2300,2300,2300,2300,2300,2300,2300,2300,2300,2300,2300,2300,2300,2300,56.82252883911133,0,63.01102066040039,0,0,0,0,0,1.6378860473632813,0,0,0,53.11429214477539,0,89.541259765625,0,89.64732360839844,0,69.47821044921875,0,0,65436.61145019531,198415.6435546875,430.13787841796875,16788910080,13421772800,15034933248,5368930304
200,1766836208871,2300,2300,2300,2300,2300,2300,2300,2300,2300,2300,2300,2300,2300,2300,2300,2300,2300,2300,2300,2300,66.50520324707031,0.18819427490234375,71.70726013183594,0.09522247314453125,0.09506988525390625,0.09487152099609375,0.09471893310546875,0.09452056884765625,5.4192047119140625,0.09412384033203125,0.0939178466796875,0.093719482421875,78.302001953125,0.09896087646484375,90.32583618164063,6.447990417480469,86.66851043701172,0.7703933715820313,74.3134765625,0.1026611328125,0,65442.96520996094,198420.85083007813,430.1380615234375,16788910080,13421772800,15037935616,5371957248
200,1766836209071,2300,2300,2300,2300,2300,2300,2300,2300,2300,2300,2300,2300,2300,2300,2300,2300,2300,2300,2300,2300,78.1304931640625,6.4488983154296875,81.17703247070313,1.46435546875,0,0,0,0,0.96588134765625,0.203521728515625,0,0,80.7957763671875,8.912155151367188,88.89494323730469,12.613258361816406,89.05502319335938,8.431686401367188,79.05302429199219,2.132537841796875,0,65450.13409423828,198426.7661743164,430.1380615234375,16788910080,13421772800,15063752704,5383102464
199,1766836209272,2300,2300,2300,2300,2300,2300,2300,2300,2300,2300,2300,2300,2300,2300,2300,2300,2300,2300,2300,2300,77.75495910644531,9.237564086914063,82.17144775390625,0.7566757202148438,0.7904129028320313,0.8169784545898438,0.7522354125976563,0.7521896362304688,1.9873275756835938,1.1223983764648438,0.8507232666015625,0.840606689453125,83.471923828125,2.7939834594726563,91.11988830566406,18.17778778076172,90.49080657958984,12.193679809570313,81.15550231933594,0.7639999389648438,0,65457.09454345703,198432.46563720703,430.1380615234375,16788910080,13421772800,15072694272,5386199040
199,1766836209472,2300,2300,2300,2300,2300,2300,2300,2300,2300,2300,2300,2300,2300,2300,2300,2300,2300,2300,2300,2300,62.22332000732422,0.10475921630859375,68.07856750488281,0.106597900390625,0.131378173828125,0.109344482421875,0.10924530029296875,0.10909271240234375,3.7320098876953125,2.1752853393554688,0.113128662109375,0.1132354736328125,65.69346618652344,0.12793731689453125,87.44149780273438,3.0645904541015625,85.68932342529297,0.9595565795898438,65.29967498779297,0.1017608642578125,0,65463.09490966797,198437.2822265625,430.1390380859375,16788910080,13421772800,15067500544,5385609216
199,1766836209672,2300,2300,2300,2300,2300,2300,2300,2300,2300,2300,2300,2300,2300,2300,2300,2300,2300,2300,2300,2300,67.51060485839844,0.1270599365234375,70.47999572753906,0.08652496337890625,0.10424041748046875,0.1031951904296875,0.1033935546875,0.10314178466796875,6.937629699707031,0.2241973876953125,0.44719696044921875,0.09673309326171875,76.35663604736328,0.1064910888671875,87.12397766113281,5.880638122558594,86.57218933105469,0.5562973022460938,69.95783233642578,0.09864044189453125,0,65468.48974609375,198441.56243896484,430.1390380859375,16788910080,13421772800,15069097984,5385768960
199,1766836209872,2300,2300,2300,2300,2300,2300,2300,2300,2300,2300,2300,2300,2300,2300,2300,2300,2300,2300,2300,2300,77.777587890625,1.1188125610351563,77.55265808105469,0.4186859130859375,0.41873931884765625,0.4186859130859375,0.41864013671875,0.41858673095703125,25.838333129882813,7.87274169921875,0.3764190673828125,0.3764190673828125,80.75163269042969,0.6325836181640625,89.7099609375,8.723846435546875,89.91515350341797,2.07598876953125,76.4334487915039,0.44693756103515625,0,65475.919372558594,198447.74871826172,430.13946533203125,16788910080,13421772800,15072292864,5389086720
200,1766836210073,2300,2300,2300,2300,2300,2300,2300,2300,2300,2300,2300,2300,2300,2300,2300,2300,2300,2300,2300,2300,71.20161437988281,0.31430816650390625,71.31795501708984,0.1445159912109375,0.1443634033203125,0.14426422119140625,0.1441650390625,0.1441650390625,8.482574462890625,1.586578369140625,0.135589599609375,0.135589599609375,76.2573013305664,0.439666748046875,87.6966552734375,10.353118896484375,86.40242004394531,1.4892959594726563,70.48976135253906,0.24044036865234375,0,65481.804138183594,198452.4349975586,430.1396484375,16788910080,13421772800,15075741696,5390966784
200,1766836210273,2300,2300,2300,2300,2300,2300,2300,2300,2300,2300,2300,2300,2300,2300,2300,2300,2300,2300,2300,2300,70.75850677490234,0,71.4650650024414,0,0,0,0,0,9.320938110351563,2.2894287109375,0,0,79.31378173828125,0,88.95346069335938,1.922637939453125,88.30525207519531,0,71.47095489501953,0,0,65488.27062988281,198457.78509521484,430.1396484375,16788910080,13421772800,15078674432,5402480640
200,1766836210474,2300,2300,2300,2300,2300,2300,2300,2300,2300,2300,2300,2300,2300,2300,2300,2300,2300,2300,2300,2300,77.60857391357422,0.7804107666015625,76.08521270751953,0.42608642578125,0.42584228515625,0.44834136962890625,0.42598724365234375,0.4260406494140625,10.591484069824219,13.438064575195313,0.4081573486328125,0.408111572265625,78.21561431884766,0.22348785400390625,92.04586791992188,9.746437072753906,87.97671508789063,4.7113494873046875,78.90507507324219,0.4689788818359375,0,65494.37274169922,198462.5142211914,430.1407470703125,16788910080,13421772800,15070167040,5389021184
200,1766836210675,2300,2300,2300,2300,2300,2300,2300,2300,2300,2300,2300,2300,2300,2300,2300,2300,2300,2300,2300,2300,86.20281982421875,3.1651763916015625,87.13311767578125,0.4118804931640625,0.4320220947265625,0.42436981201171875,0.42452239990234375,0.42452239990234375,10.160308837890625,4.154991149902344,3.7369155883789063,1.1732711791992188,88.22221374511719,1.10797119140625,91.73463439941406,13.549171447753906,91.76277160644531,3.2336959838867188,86.55046081542969,0.42578125,0,65501.45574951172,198468.32781982422,430.14117431640625,16788910080,13421772800,15080570880,5408489472
200,1766836210875,2300,2300,2300,2300,2300,2300,2300,2300,2300,2300,2300,2300,2300,2300,2300,2300,2300,2300,2300,2300,89.59896850585938,1.4010391235351563,88.99474334716797,0,0,0,0,0,6.59881591796875,1.8152236938476563,0.1092987060546875,0,91.37091827392578,0.42575836181640625,89.26124572753906,28.386642456054688,92.86598205566406,2.8105697631835938,89.1961669921875,0.0505523681640625,0,65508.69934082031,198474.32861328125,430.1416015625,16788910080,13421772800,15112454144,5434544128
200,1766836211076,2300,2300,2300,2300,2300,2300,2300,2300,2300,2300,2300,2300,2300,2300,2300,2300,2300,2300,2300,2300,80.96002197265625,0.413330078125,84.41796112060547,0.328155517578125,0.328155517578125,0.32810211181640625,0.328155517578125,0.32805633544921875,10.009933471679688,1.2019882202148438,0.3280029296875,0.3280029296875,86.17793273925781,0.34432220458984375,90.57533264160156,11.431785583496094,91.44430541992188,1.9382095336914063,82.3283920288086,0.33063507080078125,0,65513.29260253906,198477.64233398438,430.14263916015625,16788910080,13421772800,15091150848,5417361408
199,1766836211277,2300,2300,2300,2300,2300,2300,2300,2300,2300,2300,2300,2300,2300,2300,2300,2300,2300,2300,2300,2300,74.70633697509766,0.036376953125,77.02349090576172,0,0,0,0,0,18.8516845703125,12.844825744628906,0,0,80.1563949584961,0.1282501220703125,88.0843734741211,17.494537353515625,84.7931137084961,2.728790283203125,76.14466857910156,0,0,65519.01525878906,198482.37622070313,430.14263916015625,16788910080,13421772800,15068655616,5405253632
200,1766836211477,2300,2300,2300,2300,2300,2300,2300,2300,2300,2300,2300,2300,2300,2300,2300,2300,2300,2300,2300,2300,79.11820983886719,1.6216354370117188,82.44097900390625,0.772613525390625,0.7690277099609375,0.76898193359375,0.768829345703125,0.7686843872070313,29.161148071289063,21.93920135498047,11.561981201171875,0.7608261108398438,84.363037109375,0.9720993041992188,90.70079040527344,7.086334228515625,89.89533996582031,3.1600494384765625,80.79531860351563,0.7780838012695313,0,65525.658935546875,198487.48822021484,430.14892578125,16788910080,13421772800,15064793088,5393068032
200,1766836211677,2300,2300,2300,2300,2300,2300,2300,2300,2300,2300,2300,2300,2300,2300,2300,2300,2300,2300,2300,2300,38.75139236450195,0.1271209716796875,59.34415817260742,0.11319732666015625,0.13130950927734375,0.13076019287109375,0.1301116943359375,0.12896728515625,13.147911071777344,12.112144470214844,4.7832794189453125,0.127716064453125,43.87310791015625,0.1236724853515625,77.83268737792969,1.4894485473632813,76.9932632446289,0.1420440673828125,57.5837516784668,0.11873626708984375,0,65530.43231201172,198491.08325195313,430.15032958984375,16788910080,13421772800,15041785856,5367480320
200,1766836211878,2300,2300,2300,2300,2300,2300,2300,2300,2300,2300,2300,2300,2300,2300,2300,2300,2300,2300,2300,2300,43.77803039550781,0.25127410888671875,48.0379638671875,0.2433624267578125,0.24321746826171875,0.24301910400390625,0.24286651611328125,0.24271392822265625,1.1227264404296875,5.7271270751953125,0.24231719970703125,0.24211883544921875,0.8808059692382813,0.2439117431640625,68.3556137084961,2.2186813354492188,79.59725952148438,0.2552032470703125,50.905784606933594,0.2416229248046875,0,65534.74377441406,198494.24377441406,430.15032958984375,16788910080,13421772800,15057399808,5382033408
200,1766836212078,2300,2300,2300,2300,2300,2300,2300,2300,2300,2300,2300,2300,2300,2300,2300,2300,2300,2300,2300,2300,13.218147277832031,0.27333831787109375,28.23278045654297,0.148773193359375,0.14133453369140625,0.14109039306640625,0.1409912109375,0.1408843994140625,0.32381439208984375,0.1404876708984375,0.14038848876953125,0.140289306640625,0.149078369140625,0.14897918701171875,59.914119720458984,0.14842987060546875,57.39955520629883,0.14168548583984375,40.67389678955078,0.13694000244140625,0,65537.24310302734,198495.7794189453,430.1510009765625,16788910080,13421772800,15064109056,5384585216
199,1766836212278,2300,2300,2300,2300,2300,2300,2300,2300,2300,2300,2300,2300,2300,2300,2300,2300,2300,2300,2300,2300,43.7913932800293,0.02462005615234375,66.56465148925781,0,0,0,0,0,22.873641967773438,5.6121063232421875,0.6187973022460938,0,28.123504638671875,0,79.29096221923828,0.9124679565429688,90.24382781982422,0.076263427734375,66.02436065673828,0,0,65542.59509277344,198499.7342529297,430.15179443359375,16788910080,13421772800,15069085696,5396328448
200,1766836212479,2300,2300,2300,2300,2300,2300,2300,2300,2300,2300,2300,2300,2300,2300,2300,2300,2300,2300,2300,2300,43.026668548583984,0,44.09601974487305,0,0,0,0,0,4.042938232421875,0.19757843017578125,0,0,25.481544494628906,0,75.33106994628906,1.952056884765625,70.75641632080078,0.60406494140625,45.5059814453125,0,0,65546.60083007813,198502.56170654297,430.15423583984375,16788910080,13421772800,15081213952,5400506368
200,1766836212679,2300,2300,2300,2300,2300,2300,2300,2300,2300,2300,2300,2300,2300,2300,2300,2300,2300,2300,2300,2300,28.74267578125,0.106231689453125,32.60350799560547,0.09804534912109375,0.1061248779296875,0.10582733154296875,0.10562896728515625,0.104583740234375,38.3922119140625,7.7978057861328125,0.097442626953125,0.0961456298828125,28.807090759277344,0.11835479736328125,69.71434783935547,2.8683090209960938,72.23677062988281,0.31758880615234375,30.26708984375,0.10947418212890625,0,65549.6694946289,198504.65985107422,430.15545654296875,16788910080,13421772800,14994915328,5507178496
200,1766836212880,2300,2300,2300,2300,2300,2300,2300,2300,2300,2300,2300,2300,2300,2300,2300,2300,2300,2300,2300,2300,46.95488739013672,0,41.66522216796875,0,0,0,0,0,49.18803024291992,28.52081298828125,0.14537811279296875,0,31.63823699951172,0,77.96455383300781,0.9298095703125,70.88360595703125,0.280364990234375,41.226051330566406,0,0,65554.2046508789,198508.04766845703,430.15570068359375,16788910080,13421772800,15035580416,5522440192
200,1766836213080,2300,2300,2300,2300,2300,2300,2300,2300,2300,2300,2300,2300,2300,2300,2300,2300,2300,2300,2300,2300,40.00918197631836,0.621368408203125,46.91375732421875,0.6106948852539063,0.4101409912109375,0.42110443115234375,0.40625,0.4047088623046875,56.418758392333984,32.647010803222656,0.49314117431640625,0.490203857421875,40.77497482299805,0.61956787109375,74.26738739013672,2.6048660278320313,72.87504577636719,0.6112442016601563,38.66120910644531,0.61114501953125,0,65558.82263183594,198511.64282226563,430.15570068359375,16788910080,13421772800,15038238720,5531160576
200,1766836213280,2300,2300,2300,2300,2300,2300,2300,2300,2300,2300,2300,2300,2300,2300,2300,2300,2300,2300,2300,2300,6.9895477294921875,0.3350982666015625,29.533096313476563,0.2438812255859375,0.2194976806640625,0.21904754638671875,0.21959686279296875,0.2191925048828125,0.3571929931640625,0.21929168701171875,0.219146728515625,0.21869659423828125,0.40187835693359375,0.21649932861328125,80.79898834228516,0.6235198974609375,64.80355072021484,0.28757476806640625,45.98052978515625,0.229766845703125,0,65561.56176757813,198513.40826416016,430.15570068359375,16788910080,13421772800,15053926400,5534203904
200,1766836213481,2300,2300,2300,2300,2300,2300,2300,2300,2300,2300,2300,2300,2300,2300,2300,2300,2300,2300,2300,2300,24.930702209472656,0,52.378013610839844,0.00603485107421875,0,0,0,0,0.9921035766601563,0,0,0,1.0863189697265625,0,72.8260498046875,0.075408935546875,82.41716003417969,0,70.07133483886719,0,0,65565.72686767578,198516.505859375,430.15570068359375,16788910080,13421772800,15070646272,5547008000
200,1766836213681,2300,2300,2300,2300,2300,2300,2300,2300,2300,2300,2300,2300,2300,2300,2300,2300,2300,2300,2300,2300,6.299064636230469,0.07746124267578125,6.051261901855469,0.09082794189453125,0.09931182861328125,0.09935760498046875,0.09856414794921875,0.0975189208984375,0.5,1.2466049194335938,0.09786224365234375,0.09671783447265625,2.789947509765625,0.09247589111328125,67.34571838378906,1.6555252075195313,45.42494201660156,1.25653076171875,22.244598388671875,0.14565277099609375,0,65568.02209472656,198517.6830444336,430.15570068359375,16788910080,13421772800,15087726592,5549649920
199,1766836213882,2300,2300,2300,2300,2300,2300,2300,2300,2300,2300,2300,2300,2300,2300,2300,2300,2300,2300,2300,2300,0.15093994140625,0.15084075927734375,8.235931396484375,0.14307403564453125,0.14685821533203125,0.14691162109375,0.14701080322265625,0.1463623046875,0.2474517822265625,0.1473541259765625,0.1466064453125,0.14626312255859375,0.150390625,0.150238037109375,70.93888854980469,0.1520843505859375,53.18330764770508,0.1439208984375,19.41480255126953,0.15621185302734375,0,65570.45196533203,198519.0264892578,430.15570068359375,16788910080,13421772800,15092760576,5553266688
200,1766836214082,2300,2300,2300,2300,2300,2300,2300,2300,2300,2300,2300,2300,2300,2300,2300,2300,2300,2300,2300,2300,8.673332214355469,0,39.547489166259766,0,0,0,0,0,0,0,0,0,0.39717864990234375,0,75.88320922851563,0,75.28921508789063,0,75.94934844970703,0,0,65573.87841796875,198521.3096923828,430.15570068359375,16788910080,13421772800,15104086016,5561069568
199,1766836214283,2300,2300,2300,2300,2300,2300,2300,2300,2300,2300,2300,2300,2300,2300,2300,2300,2300,2300,2300,2300,51.644996643066406,0,55.52313232421875,0,0,0,0,0,9.007377624511719,0,0,0,37.04961395263672,0,82.75483703613281,4.7581787109375,80.05579376220703,1.1976852416992188,66.4599609375,0,0,65578.82452392578,198525.12725830078,430.15570068359375,16788910080,13421772800,15134994432,5572608000
200,1766836214483,2300,2300,2300,2300,2300,2300,2300,2300,2300,2300,2300,2300,2300,2300,2300,2300,2300,2300,2300,2300,60.32393264770508,51.203025817871094,73.07568359375,60.558555603027344,2.4200286865234375,13.548873901367188,2.5527191162109375,1.1922454833984375,17.937103271484375,2.2970733642578125,1.2129592895507813,1.4293594360351563,63.21600341796875,51.098793029785156,90.74984741210938,54.270118713378906,80.12759399414063,62.01921844482422,72.9789810180664,50.96695327758789,0,65583.16973876953,198528.28509521484,430.15570068359375,16788910080,13421772800,15241519104,5616951296
200,1766836214684,2300,2300,2300,2300,2300,2300,2300,2300,2300,2300,2300,2300,2300,2300,2300,2300,2300,2300,2300,2300,20.474525451660156,1.6299591064453125,19.555404663085938,0.6485595703125,5.923484802246094,5.5277099609375,0.04340362548828125,0,2.83038330078125,5.140220642089844,0.5766372680664063,0.21796417236328125,13.490669250488281,0.8409042358398438,34.179718017578125,1.8654098510742188,41.66328811645508,1.38153076171875,22.39537811279297,1.1826858520507813,0,65585.34619140625,198529.42333984375,430.15655517578125,16788910080,13421772800,15216631808,5440913408
200,1766836214884,2300,2300,2300,2300,2300,2300,2300,2300,2300,2300,2300,2300,2300,2300,2300,2300,2300,2300,2300,2300,0.592529296875,0.40387725830078125,11.129508972167969,0.19628143310546875,0.19598388671875,0.1957855224609375,0.1956329345703125,0.1954803466796875,0.19533538818359375,0.195281982421875,0.19513702392578125,0.195037841796875,0.20545196533203125,0.20529937744140625,27.038848876953125,0.20844268798828125,24.317176818847656,0.21681976318359375,13.2607421875,0.20081329345703125,0,65586.67126464844,198529.77117919922,430.1568603515625,16788910080,13421772800,15194882048,5441191936
199,1766836215084,2300,2300,2300,2300,2300,2300,2300,2300,2300,2300,2300,2300,2300,2300,2300,2300,2300,2300,2300,2300,52.75171661376953,7.637176513671875,64.26676940917969,7.4045867919921875,0,0.33515167236328125,0,0,2.0859756469726563,0,0.4990081787109375,0.1184234619140625,51.0508918762207,7.870994567871094,79.81804656982422,12.236686706542969,87.60951232910156,9.439872741699219,62.49805450439453,7.730377197265625,0,65591.34942626953,198533.3084716797,430.1568603515625,16788910080,13421772800,15208050688,5439868928
200,1766836215284,2300,2300,2300,2300,2300,2300,2300,2300,2300,2300,2300,2300,2300,2300,2300,2300,2300,2300,2300,2300,92.4818344116211,16.345062255859375,94.07492065429688,10.914321899414063,12.226287841796875,8.217826843261719,2.763885498046875,3.4123687744140625,6.8885345458984375,5.7056732177734375,6.102272033691406,7.687614440917969,93.49119567871094,12.669914245605469,96.60313415527344,41.7531852722168,97.1023941040039,28.943069458007813,97.09439086914063,15.029441833496094,0,65598.52423095703,198539.2310180664,430.1568603515625,16788910080,13421772800,15231135744,5468618752
200,1766836215485,2300,2300,2300,2300,2300,2300,2300,2300,2300,2300,2300,2300,2300,2300,2300,2300,2300,2300,2300,2300,56.80698013305664,0.49723052978515625,51.962894439697266,0,0,0,0,0,0.2945556640625,0,0,0,47.490718841552734,0,85.85736846923828,6.112342834472656,85.36518096923828,2.0359344482421875,64.03929138183594,0,0,65603.2958984375,198542.9259033203,430.1568603515625,16788910080,13421772800,15237636096,5472948224
199,1766836215685,2300,2300,2300,2300,2300,2300,2300,2300,2300,2300,2300,2300,2300,2300,2300,2300,2300,2300,2300,2300,32.355079650878906,0.34813690185546875,34.60637664794922,0.35800933837890625,1.4452896118164063,0.3601531982421875,0.36025238037109375,0.36060333251953125,2.0142822265625,1.4463348388671875,0.49027252197265625,0.90277099609375,16.289764404296875,0.3700714111328125,60.07411575317383,2.96441650390625,70.47866821289063,0.520233154296875,41.67289733886719,0.35352325439453125,0,65607.3754272461,198545.96160888672,430.15704345703125,16788910080,13421772800,15265972224,5578108928
200,1766836215885,2300,2300,2300,2300,2300,2300,2300,2300,2300,2300,2300,2300,2300,2300,2300,2300,2300,2300,2300,2300,10.396659851074219,0.03204345703125,21.172348022460938,0.02159881591796875,0.00749969482421875,0.00734710693359375,0.0072479248046875,0.0070953369140625,0.00699615478515625,0.0068511962890625,0.00675201416015625,0.07048797607421875,0.08203125,0.02014923095703125,77.24977111816406,0.021392822265625,68.29456329345703,0.01654815673828125,48.28227615356445,0.0293426513671875,0,65610.86920166016,198548.47827148438,430.15814208984375,16788910080,13421772800,15270604800,5584306176
199,1766836216086,2300,2300,2300,2300,2300,2300,2300,2300,2300,2300,2300,2300,2300,2300,2300,2300,2300,2300,2300,2300,16.995590209960938,0,37.317867279052734,0,0,0,0,0,0,0,0,0,18.959129333496094,0,78.63801574707031,0.26950836181640625,59.70109176635742,0,38.86839294433594,0,0,65613.98107910156,198550.57495117188,430.15814208984375,16788910080,13421772800,15263997952,5593370624
200,1766836216286,2300,2300,2300,2300,2300,2300,2300,2300,2300,2300,2300,2300,2300,2300,2300,2300,2300,2300,2300,2300,11.029380798339844,0,35.238365173339844,0,0,0,0,0,0.1160888671875,0,0,0,0.39141845703125,0,63.9267463684082,0.17101287841796875,70.8470230102539,0,31.660202026367188,0,0,65616.7290649414,198552.35052490234,430.15850830078125,16788910080,13421772800,15200419840,5540474880
200,1766836216487,2300,2300,2300,2300,2300,2300,2300,2300,2300,2300,2300,2300,2300,2300,2300,2300,2300,2300,2300,2300,72.91956329345703,13.646987915039063,71.22488403320313,12.535133361816406,12.188697814941406,7.506752014160156,6.397796630859375,7.111839294433594,12.297286987304688,9.1817626953125,21.179649353027344,10.942947387695313,63.79546356201172,17.737457275390625,82.5239028930664,18.922203063964844,83.00259399414063,20.470252990722656,70.11038208007813,13.202644348144531,0,65623.36157226563,198557.86151123047,430.15850830078125,16788910080,13421772800,15225511936,5549375488
200,1766836216687,2300,2300,2300,2300,2300,2300,2300,2300,2300,2300,2300,2300,2300,2300,2300,2300,2300,2300,2300,2300,72.74311828613281,0,75.73863983154297,0,0,0,0,0,9.866813659667969,0,0,0,73.04228973388672,0,88.66007995605469,2.6155166625976563,87.72470092773438,0.31024169921875,75.67579650878906,0,0,65629.80200195313,198563.19598388672,430.15850830078125,16788910080,13421772800,15264362496,5586145280
199,1766836216888,2300,2300,2300,2300,2300,2300,2300,2300,2300,2300,2300,2300,2300,2300,2300,2300,2300,2300,2300,2300,72.71381378173828,3.3861846923828125,77.27313995361328,0.06151580810546875,0.06147003173828125,0.0614166259765625,0.0612640380859375,0.06116485595703125,6.273231506347656,0.9433670043945313,0.06070709228515625,0.06060028076171875,75.21957397460938,0.16414642333984375,88.2317886352539,12.150764465332031,89.43959045410156,7.160560607910156,77.81070709228516,0.06629180908203125,0,65636.02490234375,198568.35620117188,430.15936279296875,16788910080,13421772800,15271165952,5593088000
200,1766836217088,2300,2300,2300,2300,2300,2300,2300,2300,2300,2300,2300,2300,2300,2300,2300,2300,2300,2300,2300,2300,52.27351760864258,0.41355133056640625,71.38654327392578,0.4355010986328125,0.42766571044921875,0.42761993408203125,0.427520751953125,0.42731475830078125,4.419410705566406,5.279388427734375,2.0186004638671875,0.441436767578125,48.523345947265625,0.32070159912109375,86.06269073486328,1.8351974487304688,87.94134521484375,0.9413986206054688,70.97663879394531,0.41429901123046875,0,65641.35809326172,198572.63543701172,430.15936279296875,16788910080,13421772800,15282860032,5616324608
200,1766836217289,2300,2300,2300,2300,2300,2300,2300,2300,2300,2300,2300,2300,2300,2300,2300,2300,2300,2300,2300,2300,45.30360794067383,0.1643829345703125,70.86514282226563,0.15445709228515625,0.14962005615234375,0.14957427978515625,0.1495208740234375,0.1495208740234375,2.5426788330078125,0.14942169189453125,0.14942169189453125,0.1492767333984375,39.624752044677734,0.14947509765625,78.36084747314453,6.877677917480469,88.7132339477539,1.7346343994140625,60.34328842163086,0.1507720947265625,0,65646.95489501953,198577.1820678711,430.160400390625,16788910080,13421772800,15293456384,5611892736
199,1766836217489,2300,2300,2300,2300,2300,2300,2300,2300,2300,2300,2300,2300,2300,2300,2300,2300,2300,2300,2300,2300,30.44744873046875,0.634063720703125,53.508487701416016,0.25528717041015625,1.047821044921875,0.8621597290039063,0.8054122924804688,0.5541000366210938,1.9013900756835938,1.644561767578125,1.343414306640625,1.4277420043945313,30.755950927734375,0.25051116943359375,80.2550277709961,4.498268127441406,76.4791259765625,2.313018798828125,50.70870590209961,0.24683380126953125,0,65651.30828857422,198580.5516357422,430.160400390625,16788910080,13421772800,15287500800,5612236800
200,1766836217690,2300,2300,2300,2300,2300,2300,2300,2300,2300,2300,2300,2300,2300,2300,2300,2300,2300,2300,2300,2300,75.82689666748047,1.1351699829101563,77.39559936523438,0,0,0,0,0,1.3332748413085938,0,0,0,79.68260192871094,1.1191635131835938,91.05056762695313,15.207069396972656,90.55772399902344,3.67559814453125,82.24385833740234,0,0,65658.36706542969,198586.44458007813,430.160400390625,16788910080,13421772800,15298215936,5660311552
199,1766836217891,2300,2300,2300,2300,2300,2300,2300,2300,2300,2300,2300,2300,2300,2300,2300,2300,2300,2300,2300,2300,84.47423553466797,1.1576309204101563,84.53361511230469,0.03806304931640625,0.03150177001953125,0.03130340576171875,0.0312042236328125,0.0312042236328125,8.101821899414063,0.8206329345703125,0.01485443115234375,0.01172637939453125,84.42225646972656,2.3541183471679688,92.37237548828125,8.626846313476563,92.97754669189453,4.1797332763671875,84.65674591064453,0.4486541748046875,0,65664.54901123047,198591.46502685547,430.1617431640625,16788910080,13421772800,15308341248,5654609920
199,1766836218092,2300,2300,2300,2300,2300,2300,2300,2300,2300,2300,2300,2300,2300,2300,2300,2300,2300,2300,2300,2300,89.84341430664063,1.9313201904296875,89.28137969970703,0,0,0,0,0,6.8302764892578125,1.0479049682617188,0,0,89.6519546508789,0.07529449462890625,91.39680480957031,25.496978759765625,92.73333740234375,14.793228149414063,92.36659240722656,0,0,65672.2119140625,198597.9468383789,430.1617431640625,16788910080,13421772800,15328419840,5665607680
200,1766836218291,2300,2300,2300,2300,2300,2300,2300,2300,2300,2300,2300,2300,2300,2300,2300,2300,2300,2300,2300,2300,86.76268768310547,0.4031829833984375,88.29116821289063,0.0386505126953125,0.03570556640625,0.03545379638671875,0.03545379638671875,0.03530120849609375,26.312820434570313,5.942878723144531,4.462989807128906,0.022979736328125,87.00279998779297,0.0491485595703125,91.6065902709961,20.63750457763672,92.4420166015625,6.387748718261719,90.60195922851563,0.02855682373046875,0,65678.85162353516,198603.37322998047,430.1617431640625,16788910080,13421772800,15331418112,5698547712
199,1766836218492,2300,2300,2300,2300,2300,2300,2300,2300,2300,2300,2300,2300,2300,2300,2300,2300,2300,2300,2300,2300,72.92420196533203,1.6373519897460938,78.1851577758789,1.221466064453125,0.6215591430664063,0.5163726806640625,0.5030059814453125,0.5030593872070313,9.300590515136719,16.183685302734375,1.1645126342773438,0.675018310546875,76.11426544189453,1.0317535400390625,86.34068298339844,15.172134399414063,87.12142944335938,4.6349639892578125,79.22029876708984,2.323089599609375,0,65685.11444091797,198608.4849243164,430.16259765625,16788910080,13421772800,15311949824,5678981120
200,1766836218692,2300,2300,2300,2300,2300,2300,2300,2300,2300,2300,2300,2300,2300,2300,2300,2300,2300,2300,2300,2300,71.82218933105469,9.680961608886719,74.9771957397461,0.1360626220703125,0.06943511962890625,0.06838226318359375,0.068084716796875,0.06853485107421875,2.2690277099609375,0.47443389892578125,0.3325653076171875,0.466583251953125,76.13929748535156,1.3178176879882813,83.72859191894531,17.561935424804688,87.92383575439453,15.792579650878906,77.43452453613281,0.33501434326171875,0,65690.43463134766,198612.68951416016,430.16259765625,16788910080,13421772800,15316135936,5770383360
199,1766836218892,2300,2300,2300,2300,2300,2300,2300,2300,2300,2300,2300,2300,2300,2300,2300,2300,2300,2300,2300,2300,70.7285385131836,0,68.00440979003906,0,0,0,0,0,0.15472412109375,0,0,0,71.7362060546875,0,85.72119140625,1.7439651489257813,89.92943572998047,0.7308578491210938,75.66045379638672,0,0,65697.42083740234,198618.59606933594,430.16400146484375,16788910080,13421772800,15322247168,5767319552
200,1766836219092,2300,2300,2300,2300,2300,2300,2300,2300,2300,2300,2300,2300,2300,2300,2300,2300,2300,2300,2300,2300,79.69563293457031,1.96343994140625,80.65205383300781,0,0,0,0,0,5.792030334472656,3.792083740234375,2.4735031127929688,0.5852432250976563,83.86875915527344,0.5438003540039063,91.95049285888672,9.277595520019531,94.05785369873047,5.173301696777344,82.1129379272461,0.106353759765625,0,65702.8017578125,198622.84869384766,430.16400146484375,16788910080,13421772800,15339098112,5782978560
201,1766836219293,2300,2300,2300,2300,2300,2300,2300,2300,2300,2300,2300,2300,2300,2300,2300,2300,2300,2300,2300,2300,63.574588775634766,1.461212158203125,66.51203918457031,0.2162322998046875,0.066253662109375,0.066253662109375,0.06635284423828125,0.0662994384765625,2.7236175537109375,3.2244338989257813,0.7917404174804688,0.0662994384765625,66.22830963134766,0.7259368896484375,84.86219787597656,5.818290710449219,85.12945556640625,4.5281219482421875,67.29584503173828,0.14788055419921875,0,65707.96215820313,198626.89489746094,430.16400146484375,16788910080,13421772800,15331184640,5768454144
199,1766836219495,2300,2300,2300,2300,2300,2300,2300,2300,2300,2300,2300,2300,2300,2300,2300,2300,2300,2300,2300,2300,70.53846740722656,1.1595230102539063,75.1194839477539,0,0,0,0,0,1.7189865112304688,0,0,0,72.44792175292969,0,87.2696533203125,6.193107604980469,87.66096496582031,1.1030044555664063,76.06068420410156,0,0,65714.48046875,198632.3302001953,430.16485595703125,16788910080,13421772800,15348215808,5777805312
200,1766836219695,2300,2300,2300,2300,2300,2300,2300,2300,2300,2300,2300,2300,2300,2300,2300,2300,2300,2300,2300,2300,82.38701629638672,1.717254638671875,86.42837524414063,1.10797119140625,1.1281661987304688,1.127716064453125,1.1272735595703125,1.1271209716796875,4.6928558349609375,3.7820358276367188,1.1651229858398438,1.1459732055664063,82.24176025390625,1.391998291015625,89.92484283447266,8.7122802734375,91.28479766845703,3.8086776733398438,86.38526153564453,1.4258880615234375,0,65721.55456542969,198638.24493408203,430.16485595703125,16788910080,13421772800,15372156928,5787717632
197,1766836219898,2300,2300,2300,2300,2300,2300,2300,2300,2300,2300,2300,2300,2300,2300,2300,2300,2300,2300,2300,2300,79.79145050048828,3.20806884765625,85.19290161132813,0.18628692626953125,0.364837646484375,0,0,0,8.948257446289063,3.7450408935546875,0.37757110595703125,1.6868209838867188,82.54535675048828,2.68328857421875,90.0047378540039,17.715606689453125,90.98822784423828,9.973716735839844,82.74021911621094,0.23423004150390625,0,65728.42779541016,198643.80505371094,430.1650390625,16788910080,13421772800,15400407040,5794852864
200,1766836220096,2300,2300,2300,2300,2300,2300,2300,2300,2300,2300,2300,2300,2300,2300,2300,2300,2300,2300,2300,2300,88.34684753417969,3.5712356567382813,89.34671020507813,0.53277587890625,0.5864486694335938,0.5800552368164063,0.5074081420898438,0.5247802734375,9.577423095703125,4.924293518066406,5.146514892578125,0.62811279296875,87.43046569824219,0.8787994384765625,91.30390167236328,33.40355682373047,91.3832015991211,17.94091033935547,91.80852508544922,0.52178955078125,0,65734.35864257813,198648.55432128906,430.16522216796875,16788910080,13421772800,15392628736,5786030080
199,1766836220297,2300,2300,2300,2300,2300,2300,2300,2300,2300,2300,2300,2300,2300,2300,2300,2300,2300,2300,2300,2300,78.5655746459961,0.3413848876953125,83.4976577758789,0,0,0,0,0,7.629707336425781,4.348991394042969,0,0,81.86334991455078,0,87.30415344238281,14.670051574707031,91.89146423339844,5.644554138183594,84.42874908447266,0,0,65742.59899902344,198655.50323486328,430.16522216796875,16788910080,13421772800,15413121024,5789650944
199,1766836220498,2300,2300,2300,2300,2300,2300,2300,2300,2300,2300,2300,2300,2300,2300,2300,2300,2300,2300,2300,2300,82.04747772216797,1.0943832397460938,84.64212799072266,1.3379440307617188,1.3462905883789063,0.8817672729492188,0.9197921752929688,0.919586181640625,22.8145751953125,12.321907043457031,2.1921234130859375,1.1144332885742188,81.6388931274414,0.9820404052734375,90.45262145996094,10.684562683105469,90.51314544677734,2.7567672729492188,84.43562316894531,1.1158599853515625,0,65749.03985595703,198660.7915649414,430.16632080078125,16788910080,13421772800,15413612544,5779869696
199,1766836220699,2300,2300,2300,2300,2300,2300,2300,2300,2300,2300,2300,2300,2300,2300,2300,2300,2300,2300,2300,2300,85.91914367675781,2.28863525390625,88.07762908935547,0,0,0,0,0,9.793678283691406,10.113174438476563,4.3716583251953125,0,88.18668365478516,0.36029052734375,88.73900604248047,30.54228973388672,93.09772491455078,8.43695068359375,87.3940200805664,0,0,65755.32684326172,198665.82263183594,430.16632080078125,16788910080,13421772800,15401369600,5768187904
200,1766836220898,2300,2300,2300,2300,2300,2300,2300,2300,2300,2300,2300,2300,2300,2300,2300,2300,2300,2300,2300,2300,90.74382781982422,4.79547119140625,91.66326904296875,0.078338623046875,0.17568206787109375,0.06745147705078125,0.0673980712890625,0.0673980712890625,7.50238037109375,2.1338882446289063,1.48419189453125,0.39360809326171875,90.45784759521484,2.3981399536132813,94.02275085449219,27.077728271484375,95.21919250488281,20.157943725585938,92.15064239501953,2.741943359375,0,65761.54907226563,198671.0990600586,430.166748046875,16788910080,13421772800,15414956032,5778661376
200,1766836221099,2300,2300,2300,2300,2300,2300,2300,2300,2300,2300,2300,2300,2300,2300,2300,2300,2300,2300,2300,2300,89.46084594726563,8.465568542480469,93.33563232421875,0.22667694091796875,0.27203369140625,0,0,0,14.534034729003906,7.920806884765625,1.6523056030273438,2.0830154418945313,88.16504669189453,4.214073181152344,93.9771957397461,32.456512451171875,93.95598602294922,20.58074188232422,92.95846557617188,2.1185379028320313,0,65768.05743408203,198676.0464477539,430.166748046875,16788910080,13421772800,15425409024,5806862336
200,1766836221299,2300,2300,2300,2300,2300,2300,2300,2300,2300,2300,2300,2300,2300,2300,2300,2300,2300,2300,2300,2300,91.91594696044922,14.461357116699219,92.93830108642578,0.6562118530273438,6.602378845214844,0.6280288696289063,0.6280288696289063,0.6281814575195313,15.88153076171875,6.799263000488281,8.106353759765625,1.5639877319335938,92.030029296875,2.954376220703125,92.79623413085938,43.63638687133789,94.47415161132813,25.613372802734375,93.21565246582031,0.9232864379882813,0,65773.92510986328,198680.5941772461,430.166748046875,16788910080,13421772800,15432130560,5801365504
199,1766836221500,2300,2300,2300,2300,2300,2300,2300,2300,2300,2300,2300,2300,2300,2300,2300,2300,2300,2300,2300,2300,86.8235092163086,1.4227371215820313,87.08897399902344,0,0,0,0,0,13.78387451171875,3.2180709838867188,2.6915435791015625,0,86.41930389404297,0.0179290771484375,89.04347229003906,26.23755645751953,92.15021514892578,7.5592041015625,89.85099029541016,0.09095001220703125,0,65780.85968017578,198686.23016357422,430.166748046875,16788910080,13421772800,15420112896,5794250752
199,1766836221699,2300,2300,2300,2300,2300,2300,2300,2300,2300,2300,2300,2300,2300,2300,2300,2300,2300,2300,2300,2300,85.3084487915039,5.1632843017578125,88.2577133178711,1.0300216674804688,1.0869903564453125,1.0384063720703125,1.038360595703125,1.038360595703125,11.241653442382813,15.622314453125,7.161216735839844,1.3062744140625,86.11698913574219,3.2943191528320313,91.2726821899414,27.286270141601563,91.85409545898438,13.532020568847656,87.09293365478516,1.5251083374023438,0,65787.60260009766,198691.689453125,430.16693115234375,16788910080,13421772800,15430418432,5800755200
199,1766836221899,2300,2300,2300,2300,2300,2300,2300,2300,2300,2300,2300,2300,2300,2300,2300,2300,2300,2300,2300,2300,88.78646850585938,8.617904663085938,88.225830078125,0,0,0,0,0,19.176048278808594,6.28814697265625,1.9263076782226563,0.8820953369140625,89.47282409667969,1.8336715698242188,92.09398651123047,40.32149124145508,93.36078643798828,19.029769897460938,90.86293029785156,0.02654266357421875,0,65794.27014160156,198697.49865722656,430.16802978515625,16788910080,13421772800,15434928128,5807198208
199,1766836222100,2300,2300,2300,2300,2300,2300,2300,2300,2300,2300,2300,2300,2300,2300,2300,2300,2300,2300,2300,2300,90.78663635253906,12.481277465820313,92.44935607910156,0,0,0,0,0,12.361717224121094,13.34063720703125,1.1862106323242188,0.6891021728515625,92.47885131835938,6.506889343261719,94.50007629394531,54.704505920410156,94.22370147705078,26.764991760253906,94.15007019042969,0,0,65802.5126953125,198703.96405029297,430.1685791015625,16788910080,13421772800,15426359296,5802344448
200,1766836222300,2300,2300,2300,2300,2300,2300,2300,2300,2300,2300,2300,2300,2300,2300,2300,2300,2300,2300,2300,2300,82.51329040527344,3.4455184936523438,86.99775695800781,0.425750732421875,0.1534881591796875,0.153594970703125,0.153900146484375,0.15415191650390625,12.17681884765625,7.545806884765625,4.486503601074219,1.7992477416992188,84.82874298095703,0.7035980224609375,89.6669921875,17.176429748535156,91.78718566894531,7.69488525390625,85.84378814697266,0.23830413818359375,0,65809.65655517578,198710.18280029297,430.1685791015625,16788910080,13421772800,15431516160,5803315200
199,1766836222500,2300,2300,2300,2300,2300,2300,2300,2300,2300,2300,2300,2300,2300,2300,2300,2300,2300,2300,2300,2300,82.02045440673828,2.43756103515625,85.6554946899414,1.1912384033203125,5.008903503417969,0.0371551513671875,0.0370025634765625,0.03685760498046875,16.86322021484375,3.8962249755859375,3.5249252319335938,0.8358230590820313,81.21039581298828,1.4928207397460938,88.4481201171875,16.934532165527344,90.9708251953125,7.999786376953125,84.75689697265625,1.1401519775390625,0,65816.29302978516,198715.57751464844,430.1685791015625,16788910080,13421772800,15420952576,5793316864
199,1766836222701,2300,2300,2300,2300,2300,2300,2300,2300,2300,2300,2300,2300,2300,2300,2300,2300,2300,2300,2300,2300,82.27674102783203,2.3774337768554688,82.8746566772461,0,8.380455017089844,0.7031173706054688,0,0,18.821693420410156,6.567359924316406,15.177711486816406,1.1063308715820313,82.04389953613281,2.1855239868164063,88.44623565673828,23.48919677734375,90.58977508544922,8.750434875488281,85.05458068847656,0,0,65823.49609375,198721.48052978516,430.1690673828125,16788910080,13421772800,15433826304,5808275456
200,1766836222901,2300,2300,2300,2300,2300,2300,2300,2300,2300,2300,2300,2300,2300,2300,2300,2300,2300,2300,2300,2300,86.84111022949219,7.885955810546875,88.62525939941406,0.8950729370117188,1.7028274536132813,0.496063232421875,0.09999847412109375,0.099853515625,27.503273010253906,13.598892211914063,4.885009765625,0.2805328369140625,88.26889038085938,3.7099990844726563,92.31564331054688,28.492813110351563,93.862548828125,20.863868713378906,91.544189453125,3.8790969848632813,0,65830.47955322266,198726.84295654297,430.169677734375,16788910080,13421772800,15437889536,5810139136
199,1766836223102,2300,2300,2300,2300,2300,2300,2300,2300,2300,2300,2300,2300,2300,2300,2300,2300,2300,2300,2300,2300,85.36652374267578,2.5868148803710938,88.42324829101563,0.002044677734375,6.007850646972656,1.0569610595703125,0.0035400390625,0.0035400390625,18.360748291015625,4.9797515869140625,6.488075256347656,2.5625839233398438,84.91337585449219,0.8573989868164063,90.9042739868164,29.580116271972656,92.25511169433594,12.246269226074219,88.4612808227539,0.04416656494140625,0,65836.93579101563,198732.00762939453,430.170166015625,16788910080,13421772800,15418871808,5799100416
199,1766836223302,2300,2300,2300,2300,2300,2300,2300,2300,2300,2300,2300,2300,2300,2300,2300,2300,2300,2300,2300,2300,84.16104888916016,11.6181640625,86.87350463867188,2.2459945678710938,3.0959396362304688,0,0,0,13.141899108886719,2.9891281127929688,2.2532196044921875,1.1706008911132813,87.8802719116211,5.611076354980469,92.05585479736328,31.6500244140625,92.90412902832031,23.78461456298828,88.41521453857422,4.019065856933594,0,65844.50329589844,198738.26818847656,430.170166015625,16788910080,13421772800,15423991808,5790654464
199,1766836223502,2300,2300,2300,2300,2300,2300,2300,2300,2300,2300,2300,2300,2300,2300,2300,2300,2300,2300,2300,2300,81.95442199707031,2.3988800048828125,84.38983917236328,0.84246826171875,0.842071533203125,0.8609848022460938,0.8416748046875,0.8414230346679688,25.810775756835938,12.111763000488281,17.806259155273438,2.1121063232421875,81.04925537109375,1.2181549072265625,89.509033203125,17.308151245117188,91.0611801147461,8.931968688964844,85.51188659667969,0.8912200927734375,0,65851.09967041016,198743.5718383789,430.170166015625,16788910080,13421772800,15435276288,5802835968
200,1766836223702,2300,2300,2300,2300,2300,2300,2300,2300,2300,2300,2300,2300,2300,2300,2300,2300,2300,2300,2300,2300,86.79610443115234,11.286933898925781,89.07051849365234,0.19927978515625,1.0441360473632813,0.1704559326171875,0.1725616455078125,0.17266082763671875,12.406166076660156,10.984130859375,24.429412841796875,9.140464782714844,86.962646484375,3.2956314086914063,89.35071563720703,42.54289627075195,91.17156982421875,32.29498291015625,91.1112060546875,2.768280029296875,0,65857.83605957031,198748.99609375,430.17059326171875,16788910080,13421772800,15420047360,5792169984
200,1766836223903,2300,2300,2300,2300,2300,2300,2300,2300,2300,2300,2300,2300,2300,2300,2300,2300,2300,2300,2300,2300,83.28523254394531,3.5317840576171875,83.66826629638672,0.47551727294921875,0.42890167236328125,0.38173675537109375,0.34799957275390625,0.325347900390625,11.786033630371094,6.003684997558594,12.221824645996094,2.8512496948242188,83.57479095458984,1.4502029418945313,91.1597900390625,22.97198486328125,90.28131866455078,10.538650512695313,85.68202209472656,0.5830154418945313,0,65864.45129394531,198754.35455322266,430.17144775390625,16788910080,13421772800,15434805248,5802434560
200,1766836224103,2300,2300,2300,2300,2300,2300,2300,2300,2300,2300,2300,2300,2300,2300,2300,2300,2300,2300,2300,2300,21.719161987304688,0.39485931396484375,33.195831298828125,0.2500457763671875,0.25034332275390625,0.2500457763671875,0.24974822998046875,0.24924468994140625,14.264793395996094,2.7147979736328125,7.1444091796875,0.2269134521484375,25.36554718017578,0.4209747314453125,64.28313446044922,1.6306686401367188,70.69984436035156,0.44400787353515625,48.45307540893555,0.31739044189453125,0,65868.37683105469,198757.22204589844,430.17144775390625,16788910080,13421772800,15046483968,5333819392
200,1766836224304,2300,2300,2300,2300,2300,2300,2300,2300,2300,2300,2300,2300,2300,2300,2300,2300,2300,2300,2300,2300,33.39671325683594,0.5139007568359375,30.700180053710938,0.25498199462890625,0.1834564208984375,0.18340301513671875,0.182952880859375,0.1823577880859375,98.24846649169922,40.482505798339844,34.55259704589844,6.70257568359375,22.181480407714844,0.2545318603515625,77.53671264648438,1.3597412109375,75.87660217285156,0.44551849365234375,46.93977737426758,0.25777435302734375,0,65873.05981445313,198760.81085205078,430.17144775390625,16788910080,13421772800,15053459456,5325357056
200,1766836224504,2300,2300,2300,2300,2300,2300,2300,2300,2300,2300,2300,2300,2300,2300,2300,2300,2300,2300,2300,2300,39.22072982788086,0.146942138671875,25.239646911621094,0.07598876953125,0.07534027099609375,0.0628662109375,0.06217193603515625,0.0618743896484375,54.239837646484375,28.66608428955078,0.4868316650390625,23.77581024169922,18.709144592285156,0.12982940673828125,80.88520050048828,0.16046142578125,76.21566009521484,0.1484375,48.56240463256836,0.119354248046875,0,65876.90710449219,198763.58740234375,430.17144775390625,16788910080,13421772800,15064944640,5347303424
200,1766836224705,2300,2300,2300,2300,2300,2300,2300,2300,2300,2300,2300,2300,2300,2300,2300,2300,2300,2300,2300,2300,43.652366638183594,0.4298858642578125,28.299819946289063,0.3550567626953125,0.284210205078125,0.26641845703125,0.26546478271484375,0.2649688720703125,51.12910079956055,37.92218780517578,1.2761917114257813,0.26242828369140625,18.658058166503906,0.35186767578125,72.31885528564453,0.4002227783203125,82.25983428955078,0.40705108642578125,49.45612716674805,0.39638519287109375,0,65881.23895263672,198766.85302734375,430.17169189453125,16788910080,13421772800,15068610560,5349691392
199,1766836224905,2300,2300,2300,2300,2300,2300,2300,2300,2300,2300,2300,2300,2300,2300,2300,2300,2300,2300,2300,2300,55.18767166137695,9.609024047851563,56.399070739746094,0.16698455810546875,0.8952560424804688,0.7367630004882813,0,0,47.108131408691406,24.491256713867188,29.341346740722656,0.39371490478515625,48.24075698852539,6.179595947265625,82.80524444580078,10.475379943847656,83.81800842285156,10.068084716796875,55.05568313598633,0.22943115234375,0,65885.64404296875,198770.10009765625,430.17205810546875,16788910080,13421772800,15066148864,5352726528
200,1766836225105,2300,2300,2300,2300,2300,2300,2300,2300,2300,2300,2300,2300,2300,2300,2300,2300,2300,2300,2300,2300,69.25131225585938,0.9360198974609375,73.63602447509766,0.285125732421875,0.15766143798828125,0.15605926513671875,0.155364990234375,0.1541595458984375,27.929885864257813,21.50432586669922,20.309677124023438,0.5064773559570313,71.62786865234375,0.38785552978515625,85.22195434570313,7.887596130371094,89.06050872802734,2.531524658203125,72.403076171875,0.2932281494140625,0,65891.02313232422,198774.3536376953,430.17205810546875,16788910080,13421772800,15076364288,5366136832
200,1766836225306,2300,2300,2300,2300,2300,2300,2300,2300,2300,2300,2300,2300,2300,2300,2300,2300,2300,2300,2300,2300,74.77709197998047,0.09354400634765625,70.86428833007813,0,0,0,0,0,56.388404846191406,36.99546432495117,10.16168212890625,0,71.5549087524414,0,89.22566223144531,4.997779846191406,87.72956085205078,2.3889923095703125,74.34968566894531,0,0,65897.56140136719,198779.7260131836,430.173095703125,16788910080,13421772800,15083069440,5375647744
200,1766836225506,2300,2300,2300,2300,2300,2300,2300,2300,2300,2300,2300,2300,2300,2300,2300,2300,2300,2300,2300,2300,60.46889114379883,0.5367431640625,61.335689544677734,0.505218505859375,0.43454742431640625,0.43399810791015625,0.4342498779296875,0.433502197265625,0.6169281005859375,67.19181823730469,10.979835510253906,0.473541259765625,58.372013092041016,0.5370407104492188,7.454261779785156,80.04690551757813,83.82080078125,2.2501754760742188,7.8282012939453125,62.9010009765625,0,65903.71551513672,198784.79443359375,430.173095703125,16788910080,13421772800,15080288256,5375995904
200,1766836225707,2300,2300,2300,2300,2300,2300,2300,2300,2300,2300,2300,2300,2300,2300,2300,2300,2300,2300,2300,2300,76.74954986572266,0,80.14543151855469,0,0,0,0,0,0,4.938140869140625,1.7348098754882813,1.064300537109375,77.80091857910156,8.890968322753906,10.438316345214844,91.8405532836914,89.66831970214844,2.7726974487304688,4.306671142578125,83.87779998779297,0,65909.65197753906,198789.9312133789,430.173095703125,16788910080,13421772800,15089897472,5379682304
200,1766836225907,2300,2300,2300,2300,2300,2300,2300,2300,2300,2300,2300,2300,2300,2300,2300,2300,2300,2300,2300,2300,81.81480407714844,0,80.95347595214844,0,0,0,0,0,0,9.974807739257813,0,0,80.50518798828125,0,0,91.70671844482422,90.95575714111328,0.345428466796875,0.6626739501953125,84.1263427734375,0,65915.90826416016,198794.87371826172,430.17425537109375,16788910080,13421772800,15111516160,5402177536
199,1766836226107,2300,2300,2300,2300,2300,2300,2300,2300,2300,2300,2300,2300,2300,2300,2300,2300,2300,2300,2300,2300,69.97254943847656,0,66.51789855957031,0,0,0,0,0,0,5.0128631591796875,1.839599609375,1.6204147338867188,66.9676513671875,9.499687194824219,9.982917785644531,87.48974609375,87.19788360595703,0.7290802001953125,0.7455215454101563,74.14395141601563,0,65921.27557373047,198798.99774169922,430.17425537109375,16788910080,13421772800,15110414336,5405569024
200,1766836226308,2300,2300,2300,2300,2300,2300,2300,2300,2300,2300,2300,2300,2300,2300,2300,2300,2300,2300,2300,2300,77.56642150878906,0.27086639404296875,78.43338012695313,0.299591064453125,0.299591064453125,0.299591064453125,0.29949188232421875,0.299591064453125,0.29964447021484375,13.174293518066406,0.50469970703125,0.30004119873046875,79.29838562011719,0.2868499755859375,0.390228271484375,90.95092010498047,88.41011810302734,1.8511810302734375,1.40093994140625,81.43606567382813,0,65928.05462646484,198804.638671875,430.17529296875,16788910080,13421772800,15150739456,5442043904
199,1766836226508,2300,2300,2300,2300,2300,2300,2300,2300,2300,2300,2300,2300,2300,2300,2300,2300,2300,2300,2300,2300,90.42694854736328,0,90.83077239990234,0,0,0,0,0,0,16.56511688232422,2.5385971069335938,0,92.31831359863281,0,0,95.19872283935547,93.59784698486328,4.724037170410156,1.2356948852539063,91.4888916015625,0,65934.50219726563,198809.92443847656,430.17529296875,16788910080,13421772800,15182409728,5475241984
200,1766836226708,2300,2300,2300,2300,2300,2300,2300,2300,2300,2300,2300,2300,2300,2300,2300,2300,2300,2300,2300,2300,90.25981903076172,4.5668487548828125,90.57271575927734,4.065437316894531,2.9674224853515625,0.9306640625,0.1343231201171875,0.1343231201171875,3.2801742553710938,30.51959228515625,8.870536804199219,4.0405426025390625,90.94194793701172,11.410453796386719,16.238357543945313,95.48779296875,95.27937316894531,17.23797607421875,10.460678100585938,91.81648254394531,0,65941.20190429688,198815.3978881836,430.17529296875,16788910080,13421772800,15194812416,5485043712
199,1766836226909,2300,2300,2300,2300,2300,2300,2300,2300,2300,2300,2300,2300,2300,2300,2300,2300,2300,2300,2300,2300,78.68194580078125,0.36428070068359375,81.26290893554688,0.37985992431640625,0.3798065185546875,0.37966156005859375,0.3792572021484375,0.37921142578125,0.37911224365234375,11.861099243164063,1.1774749755859375,0.548736572265625,75.96691131591797,0.378509521484375,0.5113906860351563,91.53166198730469,91.36627960205078,1.31195068359375,1.46710205078125,80.33375549316406,0,65947.6884765625,198820.7144165039,430.17706298828125,16788910080,13421772800,15189733376,5465088000
200,1766836227109,2300,2300,2300,2300,2300,2300,2300,2300,2300,2300,2300,2300,2300,2300,2300,2300,2300,2300,2300,2300,59.66830825805664,0.475494384765625,63.3629150390625,0.525482177734375,0.5122833251953125,0.5123825073242188,0.5125885009765625,0.5129318237304688,0.5132827758789063,18.257064819335938,7.1026611328125,5.7853851318359375,47.89430236816406,0.9357452392578125,1.4901199340820313,85.29629516601563,84.53553771972656,5.18682861328125,1.6771087646484375,69.63874053955078,0,65953.0757446289,198824.99444580078,430.17706298828125,16788910080,13421772800,15185985536,5461372928
199,1766836227309,2300,2300,2300,2300,2300,2300,2300,2300,2300,2300,2300,2300,2300,2300,2300,2300,2300,2300,2300,2300,8.106658935546875,0.131591796875,25.7159423828125,0.14421844482421875,0.13298797607421875,0.132843017578125,0.13274383544921875,0.13259124755859375,0.1324920654296875,0.29491424560546875,0.5119171142578125,0.1320953369140625,0.5500259399414063,0.12500762939453125,0.12779998779296875,67.06709289550781,78.18197631835938,0.1876678466796875,1.130126953125,50.21894073486328,0,65956.11669921875,198827.08282470703,430.17706298828125,16788910080,13421772800,15189671936,5463728128
200,1766836227509,2300,2300,2300,2300,2300,2300,2300,2300,2300,2300,2300,2300,2300,2300,2300,2300,2300,2300,2300,2300,59.618656158447266,0.0047454833984375,64.63935089111328,0,0,0,0,0,0,2.393798828125,0.1151275634765625,0,49.74896240234375,0.03192901611328125,0.3309326171875,85.03431701660156,85.80621337890625,1.7373733520507813,0.06805419921875,69.18814849853516,0,65962.18768310547,198832.0731201172,430.1778564453125,16788910080,13421772800,15194066944,5475516416
199,1766836227710,2300,2300,2300,2300,2300,2300,2300,2300,2300,2300,2300,2300,2300,2300,2300,2300,2300,2300,2300,2300,68.17138671875,0,64.87059020996094,0,0,0,0,0,0,10.713478088378906,4.046966552734375,0,61.691646575927734,0,6.995384216308594,87.27613830566406,84.42766571044922,5.901824951171875,0,70.19499206542969,0,65967.90319824219,198836.71740722656,430.1778564453125,16788910080,13421772800,15185301504,5458407424
200,1766836227910,2300,2300,2300,2300,2300,2300,2300,2300,2300,2300,2300,2300,2300,2300,2300,2300,2300,2300,2300,2300,51.12805938720703,0.5691375732421875,68.39757537841797,0.5640411376953125,0.5608444213867188,0.5608444213867188,0.5607986450195313,0.55999755859375,0.55999755859375,4.7983856201171875,5.327705383300781,0.5833282470703125,20.99231719970703,0.5654449462890625,0.5632400512695313,79.83338928222656,86.85432434082031,1.76556396484375,0.5728836059570313,64.00752258300781,0,65972.6607055664,198840.46057128906,430.17852783203125,16788910080,13421772800,15085649920,5383757824
199,1766836228110,2300,2300,2300,2300,2300,2300,2300,2300,2300,2300,2300,2300,2300,2300,2300,2300,2300,2300,2300,2300,39.15730667114258,0.15152740478515625,41.64999771118164,0.14404296875,1.1486968994140625,0.16949462890625,0.14398956298828125,0.14398956298828125,3.2458877563476563,42.96918487548828,62.86442184448242,30.811195373535156,50.673744201660156,0.2739105224609375,1.2445755004882813,70.73343658447266,75.99107360839844,2.1957168579101563,0.1497344970703125,39.50483703613281,0,65977.64569091797,198844.24572753906,430.17852783203125,16788910080,13421772800,15086362624,5393408000
200,1766836228310,2300,2300,2300,2300,2300,2300,2300,2300,2300,2300,2300,2300,2300,2300,2300,2300,2300,2300,2300,2300,5.878730773925781,0,18.142539978027344,0,0,0,0,0,0,0.03388214111328125,0,0,0.28220367431640625,0,0,66.8602294921875,65.10800170898438,0,0,46.72648239135742,0,65980.44323730469,198845.95373535156,430.1790771484375,16788910080,13421772800,15088054272,5396033536
200,1766836228511,2300,2300,2300,2300,2300,2300,2300,2300,2300,2300,2300,2300,2300,2300,2300,2300,2300,2300,2300,2300,73.3363037109375,0.29904937744140625,60.22273254394531,0.41748046875,0.41309356689453125,0.42801666259765625,0.412841796875,0.41259002685546875,0.41234588623046875,13.043548583984375,0.40425872802734375,0.4041595458984375,66.54338073730469,0.8408050537109375,2.5249176025390625,87.3543701171875,88.80664825439453,7.3218536376953125,0.389434814453125,69.08316040039063,0,65985.48571777344,198849.86895751953,430.180419921875,16788910080,13421772800,15116365824,5424635904
198,1766836228714,2300,2300,2300,2300,2300,2300,2300,2300,2300,2300,2300,2300,2300,2300,2300,2300,2300,2300,2300,2300,81.34071350097656,0.160430908203125,77.45413208007813,0.1562042236328125,0.147552490234375,0.1430816650390625,0.14322662353515625,0.1426849365234375,0.9044418334960938,15.478134155273438,13.938995361328125,14.239509582519531,82.13436889648438,2.027069091796875,5.0396270751953125,91.82959747314453,90.53096008300781,8.082420349121094,0.7311325073242188,82.29661560058594,0,65991.61938476563,198854.9989013672,430.180419921875,16788910080,13421772800,15146565632,5449576448
200,1766836228913,2300,2300,2300,2300,2300,2300,2300,2300,2300,2300,2300,2300,2300,2300,2300,2300,2300,2300,2300,2300,88.06517791748047,1.7296524047851563,86.1370849609375,4.371726989746094,0.40308380126953125,0.482818603515625,0.13388824462890625,0.1342926025390625,1.3421478271484375,5.151481628417969,5.059043884277344,10.970100402832031,89.73451232910156,9.063285827636719,19.496002197265625,93.60042572021484,93.51762390136719,25.602020263671875,6.254791259765625,88.5013427734375,0,65997.61895751953,198859.57690429688,430.18109130859375,16788910080,13421772800,15167877120,5480243200
200,1766836229113,2300,2300,2300,2300,2300,2300,2300,2300,2300,2300,2300,2300,2300,2300,2300,2300,2300,2300,2300,2300,79.21016693115234,6.499458312988281,79.62126922607422,0.05257415771484375,0.30954742431640625,0.3042144775390625,0,0,0.6973800659179688,8.811149597167969,4.011268615722656,3.1330032348632813,79.03162384033203,1.5212783813476563,5.347923278808594,90.59805297851563,89.22044372558594,8.625030517578125,0.36107635498046875,78.82442474365234,0,66004.0482788086,198864.7631225586,430.182861328125,16788910080,13421772800,15175593984,5477752832
200,1766836229314,2300,2300,2300,2300,2300,2300,2300,2300,2300,2300,2300,2300,2300,2300,2300,2300,2300,2300,2300,2300,88.32302856445313,0,86.12309265136719,0,0,0,0,0,0.19483184814453125,10.293891906738281,10.6571044921875,1.9896926879882813,87.13116455078125,0.35202789306640625,3.4204788208007813,93.53650665283203,92.42056274414063,9.007499694824219,0.01708221435546875,87.48727416992188,0,66009.79315185547,198869.287109375,430.1829833984375,16788910080,13421772800,15187398656,5471780864
200,1766836229514,2300,2300,2300,2300,2300,2300,2300,2300,2300,2300,2300,2300,2300,2300,2300,2300,2300,2300,2300,2300,40.50499725341797,0.07332611083984375,53.66426467895508,0.279693603515625,0.05292510986328125,0.05287933349609375,0.052825927734375,0.0527801513671875,0.133636474609375,1.0072402954101563,3.8691864013671875,0.30019378662109375,44.75868225097656,0.2819366455078125,1.380462646484375,70.69271850585938,80.96988677978516,2.6943893432617188,0.6223907470703125,50.40385437011719,0,66014.40032958984,198872.74151611328,430.18389892578125,16788910080,13421772800,15201517568,5471260672
200,1766836229715,2300,2300,2300,2300,2300,2300,2300,2300,2300,2300,2300,2300,2300,2300,2300,2300,2300,2300,2300,2300,68.53485107421875,0,69.40682983398438,0,0,0,0,0,0,3.3194122314453125,1.0037689208984375,0.0306396484375,69.44291687011719,0.3287506103515625,0.6821060180664063,88.84757995605469,86.75804138183594,2.5374984741210938,0,74.89012908935547,0,66020.2915649414,198877.86260986328,430.18389892578125,16788910080,13421772800,15200841728,5474328576
199,1766836229915,2300,2300,2300,2300,2300,2300,2300,2300,2300,2300,2300,2300,2300,2300,2300,2300,2300,2300,2300,2300,84.30870819091797,0.22815704345703125,81.33660888671875,0.59991455078125,2.9403839111328125,0.25792694091796875,0.2576751708984375,0.25757598876953125,5.776115417480469,40.78016662597656,25.302574157714844,4.1446990966796875,84.36270904541016,4.772880554199219,6.749229431152344,91.28115844726563,89.50221252441406,11.980026245117188,1.0176925659179688,83.59407043457031,0,66027.98840332031,198884.0799560547,430.18402099609375,16788910080,13421772800,15202308096,5485576192
200,1766836230115,2300,2300,2300,2300,2300,2300,2300,2300,2300,2300,2300,2300,2300,2300,2300,2300,2300,2300,2300,2300,84.22867584228516,0.8187713623046875,83.64065551757813,1.633148193359375,3.9220428466796875,2.2346038818359375,0.8902969360351563,0.192596435546875,14.887374877929688,30.786666870117188,25.32202911376953,5.947967529296875,84.75021362304688,6.189155578613281,8.008758544921875,91.8349609375,91.19039916992188,9.459945678710938,2.3028793334960938,83.87654876708984,0,66034.861328125,198889.53674316406,430.18463134765625,16788910080,13421772800,15175876608,5489233920
200,1766836230316,2300,2300,2300,2300,2300,2300,2300,2300,2300,2300,2300,2300,2300,2300,2300,2300,2300,2300,2300,2300,85.43196868896484,0.42060089111328125,83.36744689941406,1.8887557983398438,0.252532958984375,0,0,0,3.176239013671875,17.2713623046875,8.068946838378906,2.584503173828125,84.57011413574219,9.151725769042969,17.10962677001953,91.19888305664063,90.89620971679688,20.264259338378906,4.554710388183594,83.1744613647461,0,66041.26092529297,198894.7169189453,430.18463134765625,16788910080,13421772800,15181438976,5494706176
200,1766836230517,2300,2300,2300,2300,2300,2300,2300,2300,2300,2300,2300,2300,2300,2300,2300,2300,2300,2300,2300,2300,83.70475769042969,0.0727996826171875,80.93142700195313,0.7767257690429688,0.228912353515625,0.685272216796875,0,0,1.7983245849609375,11.882583618164063,10.8284912109375,3.0035781860351563,84.93376922607422,8.326339721679688,14.972320556640625,90.40066528320313,89.63351440429688,19.580848693847656,1.5979843139648438,82.6766357421875,0,66047.9677734375,198900.0439453125,430.185302734375,16788910080,13421772800,15184764928,5499211776
199,1766836230717,2300,2300,2300,2300,2300,2300,2300,2300,2300,2300,2300,2300,2300,2300,2300,2300,2300,2300,2300,2300,87.82040405273438,0.9497528076171875,85.39263916015625,0.9810714721679688,1.5234527587890625,0.9091339111328125,0.91064453125,0.91064453125,5.495338439941406,13.616340637207031,8.123771667480469,4.611579895019531,89.10333251953125,5.029151916503906,15.101593017578125,92.37005615234375,92.00486755371094,25.9984130859375,1.8104324340820313,85.87882232666016,0,66055.57104492188,198906.38580322266,430.185302734375,16788910080,13421772800,15190753280,5504495616
199,1766836230918,2300,2300,2300,2300,2300,2300,2300,2300,2300,2300,2300,2300,2300,2300,2300,2300,2300,2300,2300,2300,94.48989868164063,4.787437438964844,94.01158905029297,11.786201477050781,8.718650817871094,1.0533905029296875,0,0,9.305953979492188,21.553939819335938,17.564315795898438,10.912651062011719,94.54756927490234,31.847328186035156,42.28336715698242,96.37115478515625,95.535400390625,50.10280227661133,17.916954040527344,93.91697692871094,0,66064.23913574219,198913.6953125,430.1947021484375,16788910080,13421772800,15192420352,5507657728
200,1766836231118,2300,2300,2300,2300,2300,2300,2300,2300,2300,2300,2300,2300,2300,2300,2300,2300,2300,2300,2300,2300,67.69659423828125,0.0213165283203125,45.36783218383789,0.20136260986328125,0.7118377685546875,0.6892547607421875,1.0430221557617188,0.125213623046875,5.367950439453125,11.709556579589844,14.71649169921875,1.8894882202148438,63.10689926147461,3.3331069946289063,6.1776580810546875,88.71316528320313,78.85926818847656,12.163223266601563,1.4191665649414063,65.30123901367188,0,66069.79309082031,198918.0106201172,430.19537353515625,16788910080,13421772800,15175974912,5491421184
199,1766836231318,2300,2300,2300,2300,2300,2300,2300,2300,2300,2300,2300,2300,2300,2300,2300,2300,2300,2300,2300,2300,71.36430358886719,0.47228240966796875,69.61334228515625,0.7971725463867188,0.068756103515625,0.068603515625,0.06850433349609375,0.068450927734375,6.696052551269531,22.67779541015625,18.89545440673828,7.861053466796875,71.46101379394531,4.594734191894531,10.169281005859375,86.92529296875,79.21173095703125,38.229042053222656,3.8743057250976563,69.76292419433594,0,66076.32141113281,198923.29998779297,430.19598388671875,16788910080,13421772800,15193939968,5467127808
200,1766836231518,2300,2300,2300,2300,2300,2300,2300,2300,2300,2300,2300,2300,2300,2300,2300,2300,2300,2300,2300,2300,60.01056671142578,0.064178466796875,61.94873809814453,2.2968902587890625,0,0,0,0,0,14.693733215332031,17.353134155273438,3.864898681640625,43.390106201171875,2.4617767333984375,4.549591064453125,72.53346252441406,79.44786834716797,17.28101348876953,1.7162017822265625,50.35824203491211,0,66081.04113769531,198926.80737304688,430.19598388671875,16788910080,13421772800,15194701824,5441323008
200,1766836231719,2300,2300,2300,2300,2300,2300,2300,2300,2300,2300,2300,2300,2300,2300,2300,2300,2300,2300,2300,2300,53.66477584838867,0.9413528442382813,62.60323715209961,1.2227325439453125,0.5949020385742188,0.5518341064453125,0.2923583984375,0.29190826416015625,2.5161209106445313,7.1096954345703125,0.657073974609375,0.7278289794921875,47.959144592285156,3.3043289184570313,4.999809265136719,80.26957702636719,78.11063385009766,14.184318542480469,1.7008132934570313,46.96754455566406,0,66086.3012084961,198930.9229736328,430.196044921875,16788910080,13421772800,15170154496,5460697088
200,1766836231919,2300,2300,2300,2300,2300,2300,2300,2300,2300,2300,2300,2300,2300,2300,2300,2300,2300,2300,2300,2300,19.794418334960938,0.0927276611328125,29.29979705810547,0.1061553955078125,0.09192657470703125,0.1616363525390625,0.0918731689453125,0.09177398681640625,0.10221099853515625,1.2187118530273438,0.8853073120117188,0.264892578125,12.005973815917969,0.5485610961914063,1.37884521484375,71.2970962524414,59.45135498046875,14.690567016601563,0.10350799560546875,34.72471618652344,0,66089.55102539063,198933.03356933594,430.196044921875,16788910080,13421772800,15179943936,5471318016
200,1766836232119,2300,2300,2300,2300,2300,2300,2300,2300,2300,2300,2300,2300,2300,2300,2300,2300,2300,2300,2300,2300,45.12636947631836,0.15130615234375,47.48396682739258,0.03401947021484375,0.027984619140625,0.1239166259765625,0.0276336669921875,0.027435302734375,0.02729034423828125,4.96417236328125,1.5121841430664063,0.0266876220703125,37.07592010498047,0.4136505126953125,1.6357040405273438,79.30413818359375,78.24980163574219,10.782981872558594,0.440887451171875,51.91196823120117,0,66094.31170654297,198936.59014892578,430.1978759765625,16788910080,13421772800,15196184576,5482754048
200,1766836232320,2300,2300,2300,2300,2300,2300,2300,2300,2300,2300,2300,2300,2300,2300,2300,2300,2300,2300,2300,2300,58.17334747314453,0.6313247680664063,72.00467681884766,1.2345428466796875,7.069862365722656,3.2163238525390625,1.8192977905273438,0,14.44049072265625,48.428829193115234,36.20323944091797,24.524009704589844,60.96211624145508,13.077354431152344,15.480804443359375,83.0896224975586,81.61141967773438,28.293434143066406,2.3137893676757813,68.108154296875,0,66099.72180175781,198940.7108154297,430.203125,16788910080,13421772800,15270936576,6606098432
199,1766836232520,2300,2300,2300,2300,2300,2300,2300,2300,2300,2300,2300,2300,2300,2300,2300,2300,2300,2300,2300,2300,87.46383666992188,10.54315185546875,92.84774780273438,20.53265380859375,5.868255615234375,4.7992095947265625,1.5300369262695313,1.1485748291015625,17.21978759765625,20.18744659423828,9.544486999511719,12.529716491699219,88.18376159667969,44.03351974487305,56.125465393066406,90.390625,91.67491912841797,69.94993591308594,29.578460693359375,90.7225341796875,0,66108.07843017578,198947.7861328125,430.20855712890625,16788910080,13421772800,15317417984,6625869824
200,1766836232721,2300,2300,2300,2300,2300,2300,2300,2300,2300,2300,2300,2300,2300,2300,2300,2300,2300,2300,2300,2300,97.2100601196289,56.60859298706055,98.2698745727539,70.49618530273438,4.163261413574219,10.9459228515625,3.5575637817382813,1.8629302978515625,7.756370544433594,13.802024841308594,2.9760589599609375,3.0727310180664063,96.5677719116211,74.02587890625,78.79005432128906,98.2581787109375,98.4449462890625,88.79876708984375,85.41123962402344,98.53289794921875,0,66117.32824707031,198955.66577148438,430.2103271484375,16788910080,13421772800,15364874240,6671372288
199,1766836232922,2300,2300,2300,2300,2300,2300,2300,2300,2300,2300,2300,2300,2300,2300,2300,2300,2300,2300,2300,2300,97.34937286376953,61.89388656616211,98.1220703125,79.11248016357422,15.142929077148438,19.87909698486328,6.9970855712890625,23.378555297851563,13.665153503417969,66.6751708984375,8.551597595214844,17.82202911376953,98.31450653076172,82.94700622558594,92.64717102050781,98.56112670898438,97.70252227783203,94.21070098876953,81.5886459350586,98.04615020751953,0,66126.03497314453,198963.31286621094,430.2115478515625,16788910080,13421772800,15333371904,6688079872
200,1766836233122,2300,2300,2300,2300,2300,2300,2300,2300,2300,2300,2300,2300,2300,2300,2300,2300,2300,2300,2300,2300,96.3052978515625,49.68437576293945,97.34795379638672,67.00664520263672,31.44701385498047,26.266693115234375,40.801429748535156,47.58891296386719,8.24505615234375,13.606971740722656,23.103309631347656,15.661956787109375,97.08592224121094,75.51551055908203,81.86773681640625,98.0628433227539,97.54998016357422,91.16726684570313,70.79336547851563,96.93304443359375,0,66135.24090576172,198970.87469482422,430.21368408203125,16788910080,13421772800,15186616320,6693220352
200,1766836233323,2300,2300,2300,2300,2300,2300,2300,2300,2300,2300,2300,2300,2300,2300,2300,2300,2300,2300,2300,2300,97.8255615234375,50.047142028808594,98.35576629638672,65.40379333496094,13.727867126464844,6.3787078857421875,8.506988525390625,3.40313720703125,16.879371643066406,6.236701965332031,5.841850280761719,5.8625946044921875,98.13397979736328,75.4188461303711,85.36932373046875,98.51317596435547,98.30160522460938,84.28585052490234,77.66925048828125,98.27442169189453,0,66144.17510986328,198978.4555053711,430.21484375,16788910080,13421772800,15210004480,6684221440
200,1766836233523,2300,2300,2300,2300,2300,2300,2300,2300,2300,2300,2300,2300,2300,2300,2300,2300,2300,2300,2300,2300,95.6805648803711,27.653099060058594,97.30370330810547,53.73956298828125,7.945137023925781,6.2243804931640625,3.8584823608398438,1.7491912841796875,3.6168594360351563,3.650970458984375,2.8268508911132813,2.0082473754882813,96.87328338623047,62.19801712036133,64.72929382324219,98.47903442382813,96.07273864746094,82.4505844116211,53.950401306152344,97.51546478271484,0,66151.33123779297,198984.42993164063,430.21484375,16788910080,13421772800,15228375040,6698762240
218,1766836233724,2300,2300,2300,2300,2300,2300,2300,2300,2300,2300,2300,2300,2300,2300,2300,2300,2300,2300,2300,2300,91.8947525024414,41.42170333862305,96.62650299072266,64.13435363769531,22.998443603515625,27.622833251953125,28.39293670654297,22.29772186279297,27.11407470703125,43.407833099365234,18.839324951171875,12.742225646972656,93.78784942626953,74.09039306640625,80.04377746582031,97.585205078125,96.05025482177734,85.13581085205078,66.32366180419922,96.9522705078125,0,66159.46990966797,198991.2866821289,430.21484375,16788910080,13421772800,15275175936,6714912768
200,1766836233942,2300,2300,2300,2300,2300,2300,2300,2300,2300,2300,2300,2300,2300,2300,2300,2300,2300,2300,2300,2300,99.66401672363281,96.56489562988281,99.83407592773438,97.54964447021484,0,0,0,51.891212463378906,0,0,0,0,99.77082061767578,98.37921142578125,99.72787475585938,99.81548309326172,99.89412689208984,99.6675033569336,98.65635681152344,99.61517333984375,0,66171.35662841797,199001.17932128906,430.21527099609375,16788910080,13421772800,15379025920,6807777280
198,1766836234145,2300,2300,2300,2300,2300,2300,2300,2300,2300,2300,2300,2300,2300,2300,2300,2300,2300,2300,2300,2300,99.82537078857422,99.77462768554688,100,100,0,57.57954406738281,0,0,0,4.0716552734375,0,13.735916137695313,100,99.90473175048828,100,99.9706802368164,99.96006774902344,99.50142669677734,99.9605712890625,100,0,66174.48931884766,199003.5535888672,430.21527099609375,16788910080,13421772800,15403245568,6840520704
199,1766836234344,2300,2300,2300,2300,2300,2300,2300,2300,2300,2300,2300,2300,2300,2300,2300,2300,2300,2300,2300,2300,99.44865417480469,98.66251373291016,99.85014343261719,99.6321792602539,4.135734558105469,45.479942321777344,58.38387680053711,2.7318878173828125,1.7621078491210938,1.4091110229492188,2.5311126708984375,1.5614471435546875,99.88217163085938,99.09149169921875,99.69078826904297,99.93400573730469,99.78753662109375,99.34796905517578,99.48159790039063,99.82332611083984,0,66180.40924072266,199008.3143310547,430.21661376953125,16788910080,13421772800,15446048768,6851747840
200,1766836234544,2300,2300,2300,2300,2300,2300,2300,2300,2300,2300,2300,2300,2300,2300,2300,2300,2300,2300,2300,2300,99.82713317871094,99.62348937988281,99.93782806396484,99.84589385986328,5.410987854003906,99.6773910522461,3.3980178833007813,3.944091796875,0.24639129638671875,8.623306274414063,0.17154693603515625,0.13311004638671875,99.97332763671875,99.84767150878906,99.8781509399414,99.9545669555664,99.94513702392578,99.46954345703125,99.13679504394531,99.96749877929688,0,66186.84942626953,199013.49145507813,430.21661376953125,16788910080,13421772800,15467319296,6851665920
199,1766836234744,2300,2300,2300,2300,2300,2300,2300,2300,2300,2300,2300,2300,2300,2300,2300,2300,2300,2300,2300,2300,98.5188980102539,77.81038665771484,98.81365966796875,77.35499572753906,2.3917770385742188,55.79259490966797,44.24766540527344,2.3964691162109375,0.36151885986328125,19.43358612060547,0,0,99.04759979248047,93.76274871826172,94.57209777832031,99.47845458984375,98.57422637939453,93.017333984375,80.38487243652344,98.5953369140625,0,66194.2119140625,199019.69384765625,430.21661376953125,16788910080,13421772800,15495012352,6841024512
201,1766836234944,2300,2300,2300,2300,2300,2300,2300,2300,2300,2300,2300,2300,2300,2300,2300,2300,2300,2300,2300,2300,97.47999572753906,16.33649444580078,98.17139434814453,21.12700653076172,9.384567260742188,1.1881866455078125,18.58409881591797,10.488868713378906,2.5897979736328125,10.626762390136719,5.471565246582031,16.52393341064453,98.49365234375,51.213321685791016,50.65125274658203,98.50564575195313,98.0831069946289,61.79555130004883,29.982139587402344,97.69254302978516,0,66201.83203125,199025.75518798828,430.21746826171875,16788910080,13421772800,15518113792,6837633024
197,1766836235149,2300,2300,2300,2300,2300,2300,2300,2300,2300,2300,2300,2300,2300,2300,2300,2300,2300,2300,2300,2300,99.23899841308594,83.83514404296875,99.425048828125,83.11322021484375,1.6238174438476563,1.7492828369140625,0.867828369140625,1.0635147094726563,5.954833984375,3.5550155639648438,2.702423095703125,4.9998931884765625,99.65908813476563,90.03360748291016,94.83079528808594,99.71821594238281,99.90734100341797,91.83091735839844,86.79570007324219,99.64181518554688,0,66211.40252685547,199034.02172851563,430.21746826171875,16788910080,13421772800,15534043136,6861373440
199,1766836235349,2300,2300,2300,2300,2300,2300,2300,2300,2300,2300,2300,2300,2300,2300,2300,2300,2300,2300,2300,2300,99.08525848388672,88.10519409179688,99.40531921386719,93.00115203857422,6.437156677246094,5.199165344238281,5.543357849121094,3.2645416259765625,6.668373107910156,5.603263854980469,6.2879486083984375,6.155494689941406,99.40430450439453,92.50209045410156,95.89675903320313,99.56413269042969,99.33524322509766,96.91724395751953,92.88973999023438,99.31015014648438,0,66219.06909179688,199040.49291992188,430.2178955078125,16788910080,13421772800,15549325312,6864101376
198,1766836235551,2300,2300,2300,2300,2300,2300,2300,2300,2300,2300,2300,2300,2300,2300,2300,2300,2300,2300,2300,2300,99.56893157958984,96.33781433105469,99.64533996582031,97.38546752929688,4.233795166015625,0,0,0,1.745941162109375,0,0,0,99.47640228271484,96.22533416748047,98.12682342529297,99.86223602294922,99.71837615966797,98.03056335449219,97.23773193359375,99.54439544677734,0,66225.78912353516,199045.82946777344,430.2178955078125,16788910080,13421772800,15557378048,6855102464
198,1766836235752,2300,2300,2300,2300,2300,2300,2300,2300,2300,2300,2300,2300,2300,2300,2300,2300,2300,2300,2300,2300,99.33614349365234,91.24896240234375,99.63282012939453,96.75534057617188,3.523681640625,2.1156158447265625,2.4020919799804688,2.1552276611328125,4.311378479003906,2.344512939453125,2.105255126953125,1.92047119140625,99.37213134765625,97.63501739501953,98.15043640136719,99.41822052001953,99.08525085449219,97.30168914794922,96.63619232177734,99.4690170288086,0,66232.84057617188,199051.63708496094,430.2178955078125,16788910080,13421772800,15590842368,6865084416
199,1766836235951,2300,2300,2300,2300,2300,2300,2300,2300,2300,2300,2300,2300,2300,2300,2300,2300,2300,2300,2300,2300,97.83679962158203,44.590972900390625,98.87211608886719,61.586265563964844,1.8244705200195313,0,0.420074462890625,0,3.4279632568359375,0.351837158203125,3.2152481079101563,0,98.41267395019531,64.24491882324219,67.59011840820313,98.54730987548828,97.7752456665039,82.51966094970703,59.40358352661133,97.97683715820313,0,66240.05224609375,199057.50079345703,430.21966552734375,16788910080,13421772800,15618629632,6873608192
200,1766836236151,2300,2300,2300,2300,2300,2300,2300,2300,2300,2300,2300,2300,2300,2300,2300,2300,2300,2300,2300,2300,96.77818298339844,47.7733268737793,96.41349792480469,57.084720611572266,4.14715576171875,3.4697113037109375,2.9557418823242188,2.6580581665039063,3.2681961059570313,3.6478042602539063,4.6168212890625,4.442497253417969,95.50968933105469,69.6265869140625,83.1530532836914,97.8421630859375,95.83364868164063,81.40139770507813,61.73565673828125,95.1566162109375,0,66247.69580078125,199063.96746826172,430.21966552734375,16788910080,13421772800,15626129408,6863458304
200,1766836236352,2300,2300,2300,2300,2300,2300,2300,2300,2300,2300,2300,2300,2300,2300,2300,2300,2300,2300,2300,2300,84.70075988769531,2.2615890502929688,91.22427368164063,8.603469848632813,0.609893798828125,0.3375244140625,0.03232574462890625,0.0322723388671875,3.9710464477539063,4.488609313964844,5.554054260253906,3.1515884399414063,75.39640045166016,28.31938934326172,39.162498474121094,94.39127349853516,93.63965606689453,48.48112487792969,15.305580139160156,79.06275177001953,0,66253.52850341797,199068.65209960938,430.22088623046875,16788910080,13421772800,15656984576,6876598272
199,1766836236552,2300,2300,2300,2300,2300,2300,2300,2300,2300,2300,2300,2300,2300,2300,2300,2300,2300,2300,2300,2300,95.54263305664063,25.517471313476563,97.636474609375,47.54248809814453,11.358024597167969,1.4493026733398438,0.9528350830078125,0.09304046630859375,9.49371337890625,4.375053405761719,4.040565490722656,4.253730773925781,96.82073211669922,62.99380111694336,70.8633041381836,98.12297058105469,96.47835540771484,76.68516540527344,56.682254791259766,96.88249206542969,0,66260.50848388672,199074.41778564453,430.22088623046875,16788910080,13421772800,15643701248,6812635136
205,1766836236753,2300,2300,2300,2300,2300,2300,2300,2300,2300,2300,2300,2300,2300,2300,2300,2300,2300,2300,2300,2300,95.25834655761719,35.48927307128906,96.09980773925781,62.90040588378906,6.293281555175781,1.2572097778320313,2.0291595458984375,0.7573394775390625,5.407386779785156,4.89080810546875,6.0564117431640625,2.7860488891601563,95.34556579589844,77.23876953125,77.3925552368164,97.04175567626953,96.94731140136719,79.76300811767578,69.52914428710938,94.86937713623047,0,66270.10974121094,199082.78094482422,430.22088623046875,16788910080,13421772800,15673479168,6823370752
194,1766836236964,2300,2300,2300,2300,2300,2300,2300,2300,2300,2300,2300,2300,2300,2300,2300,2300,2300,2300,2300,2300,98.6873550415039,74.24934387207031,99.29794311523438,86.25991821289063,3.35882568359375,2.5908279418945313,5.1416778564453125,2.0998077392578125,0.5308151245117188,0.19956207275390625,13.791343688964844,0,98.92071533203125,89.39170837402344,91.2320556640625,99.24625396728516,99.00373840332031,87.59342193603516,83.71902465820313,98.14667510986328,0,66278.74914550781,199090.02764892578,430.22186279296875,16788910080,13421772800,15725912064,6841667584
213,1766836237160,2300,2300,2300,2300,2300,2300,2300,2300,2300,2300,2300,2300,2300,2300,2300,2300,2300,2300,2300,2300,97.71372985839844,57.103553771972656,98.77837371826172,84.67996978759766,0.69207763671875,0,0.02325439453125,5.920524597167969,0,0,0,0,99.20622253417969,80.1419448852539,76.42079162597656,98.69448852539063,98.45512390136719,88.64676666259766,81.5358657836914,98.57462310791016,0,66286.4828491211,199096.50799560547,430.22186279296875,16788910080,13421772800,15739998208,6836760576
198,1766836237376,2300,2300,2300,2300,2300,2300,2300,2300,2300,2300,2300,2300,2300,2300,2300,2300,2300,2300,2300,2300,97.82890319824219,91.0621109008789,98.09500122070313,96.30558013916016,24.881752014160156,21.940269470214844,25.45496368408203,20.448646545410156,46.04972839355469,25.051963806152344,26.21978759765625,22.166847229003906,97.33850860595703,95.67225646972656,96.46778869628906,98.76544952392578,98.24398040771484,96.1385498046875,94.7281494140625,96.79127502441406,0,66294.66595458984,199103.2042236328,430.222412109375,16788910080,13421772800,15718211584,6821310464
200,1766836237575,2300,2300,2300,2300,2300,2300,2300,2300,2300,2300,2300,2300,2300,2300,2300,2300,2300,2300,2300,2300,98.00914001464844,59.69813919067383,98.2146224975586,79.1845932006836,21.52465057373047,7.9845428466796875,3.459869384765625,1.9946365356445313,4.086875915527344,3.183349609375,1.99639892578125,1.6135482788085938,98.50534057617188,81.24674987792969,88.12735748291016,98.80888366699219,98.14866638183594,85.08061218261719,73.7046890258789,98.38397216796875,0,66300.26599121094,199107.98510742188,430.222412109375,16788910080,13421772800,15694745600,6611890176
208,1766836237776,2300,2300,2300,2300,2300,2300,2300,2300,2300,2300,2300,2300,2300,2300,2300,2300,2300,2300,2300,2300,96.29210662841797,59.862205505371094,97.3349380493164,74.6222915649414,0.816497802734375,3.9556198120117188,4.4142608642578125,2.0980072021484375,0.33025360107421875,0.16019439697265625,0.11139678955078125,4.446571350097656,97.62771606445313,83.58820343017578,86.6162338256836,98.32927703857422,96.44137573242188,90.75627136230469,73.55387115478516,96.77420806884766,0,66309.0146484375,199114.99981689453,430.222412109375,16788910080,13421772800,15738490880,6659411968
337,1766836237999,2300,2300,2300,2300,2300,2300,2300,2300,2300,2300,2300,2300,2300,2300,2300,2300,2300,2300,2300,2300,99.35186767578125,90.36199188232422,99.39322662353516,97.28861236572266,0,0,0,0,0,0,0,0,99.17436218261719,95.76962280273438,94.79609680175781,99.42388153076172,99.30794525146484,94.8383560180664,94.41800689697266,99.2620620727539,0,66318.2484741211,199122.5258178711,430.2244873046875,16788910080,13421772800,15743942656,6681821184
595,1766836238337,2300,2300,2300,2300,2300,2300,2300,2300,2300,2300,2300,2300,2300,2300,2300,2300,2300,2300,2300,2300,99.98535919189453,99.48188781738281,99.95633697509766,99.82054138183594,0,0,0,0,0,0,0,0,99.93846893310547,99.4155502319336,99.73419952392578,99.99552154541016,99.96219635009766,99.7957992553711,99.75285339355469,99.95403289794922,0,66347.54766845703,199146.62310791016,430.22589111328125,16788910080,13421772800,15736881152,6695419904
206,1766836238933,2300,2300,2300,2300,2300,2300,2300,2300,2300,2300,2300,2300,2300,2300,2300,2300,2300,2300,2300,2300,100,99.87126922607422,99.99435424804688,100,52.08233642578125,51.99501037597656,51.92454147338867,52.86610794067383,51.77827453613281,51.95208740234375,51.77254867553711,51.61527633666992,100,99.9808578491211,100,99.99018859863281,99.96648406982422,99.93032836914063,99.92256164550781,99.97914123535156,0,66351.96484375,199150.16186523438,430.23358154296875,16788910080,13421772800,15837007872,6794678272
242,1766836239140,2300,2300,2300,2300,2300,2300,2300,2300,2300,2300,2300,2300,2300,2300,2300,2300,2300,2300,2300,2300,99.75239562988281,99.42540740966797,99.96072387695313,99.7867660522461,7.198516845703125,25.00273895263672,9.849159240722656,16.06678009033203,4.239402770996094,4.049690246582031,4.06048583984375,4.081695556640625,99.98617553710938,98.14429473876953,99.91973876953125,99.85931396484375,99.88432312011719,99.65059661865234,96.99918365478516,99.91417694091797,0,66360.16198730469,199157.11376953125,430.23486328125,16788910080,13421772800,15880204288,6832427008
228,1766836239383,2300,2300,2300,2300,2300,2300,2300,2300,2300,2300,2300,2300,2300,2300,2300,2300,2300,2300,2300,2300,99.68360900878906,97.47285461425781,99.95089721679688,97.9940185546875,2.6063461303710938,3.0056610107421875,2.8247909545898438,2.1913986206054688,4.905738830566406,4.227500915527344,2.3400421142578125,4.4078369140625,100,99.0217056274414,97.40169525146484,99.90697479248047,99.90697479248047,97.71271514892578,97.92959594726563,99.9425048828125,0,66370.9536743164,199165.7827758789,430.2364501953125,16788910080,13421772800,15910383616,6836539392
273,1766836239611,2300,2300,2300,2300,2300,2300,2300,2300,2300,2300,2300,2300,2300,2300,2300,2300,2300,2300,2300,2300,99.68000030517578,99.42078399658203,99.86952209472656,98.93934631347656,1.2907867431640625,0.07070159912109375,0,0,0,0,0,0,99.98197174072266,99.23735809326172,99.0989761352539,99.93305206298828,99.82937622070313,99.79586791992188,99.41079711914063,99.893310546875,0,66375.9945678711,199169.72827148438,430.23724365234375,16788910080,13421772800,15893655552,6828683264
199,1766836239886,2300,2300,2300,2300,2300,2300,2300,2300,2300,2300,2300,2300,2300,2300,2300,2300,2300,2300,2300,2300,99.2010269165039,92.7266845703125,99.86296844482422,98.5277099609375,5.989418029785156,6.401153564453125,4.758796691894531,3.6317367553710938,0.7388534545898438,2.5954513549804688,1.422882080078125,3.8822021484375,99.33809661865234,97.29701232910156,96.45983123779297,99.88908386230469,99.61640930175781,97.9986343383789,99.3938217163086,99.48088073730469,0,66386.07958984375,199177.95239257813,430.2381591796875,16788910080,13421772800,15896952832,6813929472
199,1766836240086,2300,2300,2300,2300,2300,2300,2300,2300,2300,2300,2300,2300,2300,2300,2300,2300,2300,2300,2300,2300,100,99.0256118774414,99.84098052978516,99.71156311035156,11.428268432617188,4.1121826171875,7.597236633300781,4.496589660644531,13.158134460449219,3.5660858154296875,5.765892028808594,3.7874603271484375,99.8636245727539,99.15380096435547,99.58326721191406,99.82363891601563,99.82353210449219,99.00955200195313,99.09989929199219,99.78366088867188,0,66393.26721191406,199183.83868408203,430.23870849609375,16788910080,13421772800,15935680512,6856335360
198,1766836240291,2300,2300,2300,2300,2300,2300,2300,2300,2300,2300,2300,2300,2300,2300,2300,2300,2300,2300,2300,2300,99.19278717041016,81.18257141113281,99.47908020019531,93.64911651611328,0,1.6359786987304688,0,2.5974349975585938,0,15.693374633789063,0,0,99.34103393554688,91.96519470214844,87.1972885131836,99.64911651611328,99.52310943603516,96.34298706054688,94.54103088378906,99.70088195800781,0,66400.77081298828,199190.00439453125,430.23870849609375,16788910080,13421772800,15952719872,6876237824
197,1766836240495,2300,2300,2300,2300,2300,2300,2300,2300,2300,2300,2300,2300,2300,2300,2300,2300,2300,2300,2300,2300,99.80368041992188,97.41336059570313,99.89434814453125,98.16626739501953,0.489959716796875,1.0390777587890625,0.6865768432617188,1.1736068725585938,4.189933776855469,8.174057006835938,2.5278854370117188,0.9055099487304688,99.83033752441406,98.92816162109375,99.2523422241211,99.84275817871094,99.72523498535156,99.1501693725586,99.63831329345703,99.97496032714844,0,66407.00079345703,199194.9305419922,430.23870849609375,16788910080,13421772800,15959429120,6874619904
269,1766836240692,2300,2300,2300,2300,2300,2300,2300,2300,2300,2300,2300,2300,2300,2300,2300,2300,2300,2300,2300,2300,99.05911254882813,83.3405532836914,99.63811492919922,91.61314392089844,0,0,0,0,9.381309509277344,2.2048568725585938,0,0,99.3983383178711,94.36253356933594,92.34133911132813,99.37837982177734,99.55853271484375,95.900390625,93.45061492919922,99.30143737792969,0,66414.62133789063,199201.18103027344,430.23968505859375,16788910080,13421772800,15968698368,6877036544
200,1766836240965,2300,2300,2300,2300,2300,2300,2300,2300,2300,2300,2300,2300,2300,2300,2300,2300,2300,2300,2300,2300,99.6743392944336,98.67556762695313,99.90042877197266,99.62439727783203,0.6743087768554688,1.0790176391601563,0.26688385009765625,0,9.879020690917969,6.6750946044921875,1.8026351928710938,1.4430313110351563,99.7087173461914,99.04167175292969,99.53679656982422,99.89446258544922,99.76456451416016,99.3503189086914,99.49420928955078,99.96662902832031,0,66426.19219970703,199210.42578125,430.24041748046875,16788910080,13421772800,15960862720,6865387520
197,1766836241167,2300,2300,2300,2300,2300,2300,2300,2300,2300,2300,2300,2300,2300,2300,2300,2300,2300,2300,2300,2300,100,96.88817596435547,99.80029296875,98.8609390258789,0,0,1.0417098999023438,0,0,0,0,0,99.83804321289063,99.98278045654297,99.78539276123047,99.90648651123047,100,99.02066802978516,99.56980895996094,99.91353607177734,0,66432.09185791016,199215.30004882813,430.2413330078125,16788910080,13421772800,15975989248,6855344128
200,1766836241366,2300,2300,2300,2300,2300,2300,2300,2300,2300,2300,2300,2300,2300,2300,2300,2300,2300,2300,2300,2300,99.25611877441406,90.29143524169922,99.47352600097656,92.87918853759766,0,3.5977859497070313,0,0,7.958457946777344,0,0,0,99.51351928710938,95.7493896484375,93.98278045654297,99.64157104492188,99.3382797241211,97.75526428222656,95.08800506591797,99.4464340209961,0,66437.13781738281,199219.2152709961,430.2413330078125,16788910080,13421772800,15980072960,6858194944
261,1766836241567,2300,2300,2300,2300,2300,2300,2300,2300,2300,2300,2300,2300,2300,2300,2300,2300,2300,2300,2300,2300,97.97586822509766,79.34636688232422,98.53668212890625,88.60551452636719,1.1312255859375,2.1315536499023438,2.2006759643554688,0.46126556396484375,19.651145935058594,1.7021255493164063,4.238777160644531,1.118438720703125,99.10018920898438,90.27030181884766,90.58707427978516,99.23750305175781,99.09457397460938,90.67939758300781,90.98596954345703,98.26469421386719,0,66444.20849609375,199225.0126953125,430.2413330078125,16788910080,13421772800,15985725440,6861684736
198,1766836241830,2300,2300,2300,2300,2300,2300,2300,2300,2300,2300,2300,2300,2300,2300,2300,2300,2300,2300,2300,2300,99.09257507324219,91.52835845947266,99.5616683959961,96.51972961425781,0,0.92864990234375,0.190673828125,0.46469879150390625,11.318260192871094,5.4149932861328125,3.9121322631835938,0,99.5672378540039,96.26013946533203,97.58686065673828,99.73765563964844,99.30418395996094,97.79861450195313,94.59786987304688,99.2676010131836,0,66454.25463867188,199233.2680053711,430.24224853515625,16788910080,13421772800,16050802688,6901268480
199,1766836242030,2300,2300,2300,2300,2300,2300,2300,2300,2300,2300,2300,2300,2300,2300,2300,2300,2300,2300,2300,2300,99.13861846923828,78.27661895751953,99.06800079345703,84.9532241821289,6.499366760253906,7.4325408935546875,5.45550537109375,0.266998291015625,0,1.43572998046875,7.561317443847656,4.724853515625,99.27984619140625,86.77619171142578,86.90463256835938,99.7667236328125,99.33924102783203,92.71923828125,81.3695297241211,99.49063110351563,0,66461.71557617188,199239.50103759766,430.243408203125,16788910080,13421772800,16048685056,6910042112
199,1766836242231,2300,2300,2300,2300,2300,2300,2300,2300,2300,2300,2300,2300,2300,2300,2300,2300,2300,2300,2300,2300,99.29057312011719,95.32235717773438,99.3490982055664,95.75126647949219,0,1.0966110229492188,0,0,0,0.8565673828125,0,0,99.70127868652344,97.57247924804688,98.1355972290039,99.53828430175781,99.46499633789063,97.45068359375,96.08289337158203,99.50260162353516,0,66470.14239501953,199246.68591308594,430.24505615234375,16788910080,13421772800,16035926016,6895206400
380,1766836242430,2300,2300,2300,2300,2300,2300,2300,2300,2300,2300,2300,2300,2300,2300,2300,2300,2300,2300,2300,2300,99.31925201416016,92.12519836425781,99.73072052001953,95.78702545166016,1.4352340698242188,1.557708740234375,1.1473922729492188,0.8992996215820313,6.100746154785156,3.355316162109375,2.1940765380859375,0.917449951171875,99.5986557006836,96.26908874511719,99.75406646728516,99.66112518310547,99.56094360351563,98.08139038085938,97.28158569335938,99.54835510253906,0,66478.67370605469,199254.1707763672,430.24505615234375,16788910080,13421772800,16016846848,6871306240
200,1766836242812,2300,2300,2300,2300,2300,2300,2300,2300,2300,2300,2300,2300,2300,2300,2300,2300,2300,2300,2300,2300,99.95954895019531,99.39704132080078,99.97046661376953,99.78392028808594,1.9156494140625,8.144248962402344,26.53417205810547,46.553585052490234,14.859687805175781,1.5010299682617188,2.1430282592773438,1.4835205078125,99.98189544677734,99.83782958984375,99.88497924804688,99.9751968383789,99.99079132080078,99.87394714355469,99.91658782958984,99.96099090576172,0,66491.77252197266,199264.76947021484,430.2462158203125,16788910080,13421772800,16035860480,6875021312
200,1766836243012,2300,2300,2300,2300,2300,2300,2300,2300,2300,2300,2300,2300,2300,2300,2300,2300,2300,2300,2300,2300,99.98873138427734,100,100,100,26.386985778808594,6.905052185058594,42.530052185058594,37.221229553222656,1.8361587524414063,2.0113754272460938,2.110382080078125,1.9453277587890625,100,100,100,100,100,100,99.95797729492188,100,0,66500.13470458984,199271.7647705078,430.24737548828125,16788910080,13421772800,16039452672,6891548672
200,1766836243213,2300,2300,2300,2300,2300,2300,2300,2300,2300,2300,2300,2300,2300,2300,2300,2300,2300,2300,2300,2300,99.42771911621094,97.52320098876953,99.80097961425781,96.86851501464844,3.3201675415039063,6.14178466796875,22.873680114746094,4.676780700683594,24.731002807617188,27.86077880859375,56.61779022216797,26.787994384765625,99.81472778320313,98.07441711425781,98.6838607788086,99.87260437011719,99.73698425292969,99.77079010009766,95.34598541259766,99.67709350585938,0,66506.09893798828,199276.3582763672,430.24737548828125,16788910080,13421772800,16074358784,6922244096
200,1766836243413,2300,2300,2300,2300,2300,2300,2300,2300,2300,2300,2300,2300,2300,2300,2300,2300,2300,2300,2300,2300,99.8327865600586,99.72239685058594,99.96874237060547,99.89280700683594,10.383132934570313,4.369873046875,28.945716857910156,3.502471923828125,9.368942260742188,3.0369338989257813,35.27337646484375,4.8407440185546875,100,99.56537628173828,99.85890197753906,99.98037719726563,99.9260025024414,99.8461685180664,99.72659301757813,99.9292984008789,0,66511.98156738281,199280.8901977539,430.248046875,16788910080,13421772800,16125140992,6947233792
200,1766836243614,2300,2300,2300,2300,2300,2300,2300,2300,2300,2300,2300,2300,2300,2300,2300,2300,2300,2300,2300,2300,99.49391174316406,94.48664855957031,99.90032958984375,98.90359497070313,8.134284973144531,3.840667724609375,2.711029052734375,1.9906539916992188,12.062545776367188,1.6216888427734375,2.3697891235351563,1.92462158203125,99.95307159423828,99.21073913574219,99.40607452392578,99.94515228271484,99.92183685302734,98.64473724365234,98.89456939697266,99.93226623535156,0,66518.23406982422,199285.84326171875,430.248046875,16788910080,13421772800,16126595072,6942334976
200,1766836243815,2300,2300,2300,2300,2300,2300,2300,2300,2300,2300,2300,2300,2300,2300,2300,2300,2300,2300,2300,2300,99.58455657958984,96.99026489257813,99.79329681396484,98.92027282714844,12.636306762695313,2.9112014770507813,1.4449539184570313,0.948577880859375,3.4584884643554688,3.093963623046875,2.2046279907226563,2.4703216552734375,99.66987609863281,98.95064544677734,98.6617660522461,99.8265609741211,99.67900085449219,98.90616607666016,98.1837387084961,99.68668365478516,0,66525.0170288086,199291.36297607422,430.24822998046875,16788910080,13421772800,16120946688,6938456064
200,1766836244015,2300,2300,2300,2300,2300,2300,2300,2300,2300,2300,2300,2300,2300,2300,2300,2300,2300,2300,2300,2300,99.15473175048828,89.08351135253906,99.81242370605469,93.6067123413086,21.876358032226563,7.182197570800781,4.338661193847656,2.9034347534179688,16.060867309570313,4.123260498046875,4.571525573730469,3.6964340209960938,99.70494079589844,94.18087005615234,97.34758758544922,99.88788604736328,99.79940795898438,95.59440612792969,94.73532104492188,99.69571685791016,0,66532.99188232422,199298.36987304688,430.2486572265625,16788910080,13421772800,16112119808,6945628160
200,1766836244215,2300,2300,2300,2300,2300,2300,2300,2300,2300,2300,2300,2300,2300,2300,2300,2300,2300,2300,2300,2300,99.33538818359375,91.59828186035156,99.69792938232422,95.5691146850586,11.963134765625,7.6227569580078125,3.6551513671875,1.950439453125,7.861427307128906,2.1515655517578125,1.6270523071289063,3.1358871459960938,99.76239013671875,96.62191772460938,99.89628601074219,99.83208465576172,99.72026062011719,97.6106185913086,97.68510437011719,99.6506118774414,0,66539.6851196289,199303.51678466797,430.2486572265625,16788910080,13421772800,16111947776,6939721728
200,1766836244416,2300,2300,2300,2300,2300,2300,2300,2300,2300,2300,2300,2300,2300,2300,2300,2300,2300,2300,2300,2300,99.2750473022461,96.73294830322266,99.82748413085938,99.12188720703125,4.9083709716796875,7.425048828125,3.0289535522460938,3.1410064697265625,11.125007629394531,6.1468505859375,7.32171630859375,10.049514770507813,99.75077819824219,99.51754760742188,99.1756820678711,99.88764953613281,99.72079467773438,99.44871520996094,98.67668914794922,99.65892791748047,0,66547.29736328125,199309.82305908203,430.24969482421875,16788910080,13421772800,16137981952,6967111680
200,1766836244617,2300,2300,2300,2300,2300,2300,2300,2300,2300,2300,2300,2300,2300,2300,2300,2300,2300,2300,2300,2300,97.55426788330078,85.57536315917969,98.8031234741211,88.8332748413086,12.088836669921875,10.916030883789063,9.255134582519531,4.983978271484375,29.289833068847656,7.444786071777344,6.2704010009765625,9.542007446289063,98.66835021972656,92.28811645507813,95.53626251220703,99.43258666992188,98.87886810302734,94.8753662109375,92.04345703125,98.87385559082031,0,66554.0151977539,199315.26300048828,430.24969482421875,16788910080,13421772800,16075902976,6919888896
200,1766836244817,2300,2300,2300,2300,2300,2300,2300,2300,2300,2300,2300,2300,2300,2300,2300,2300,2300,2300,2300,2300,98.97895050048828,90.40441131591797,99.5418701171875,94.21517944335938,16.870803833007813,6.685508728027344,1.9372024536132813,1.3099441528320313,3.9642791748046875,1.6965255737304688,3.38348388671875,1.9257354736328125,99.56600189208984,95.49527740478516,96.27559661865234,99.64991760253906,99.5163345336914,96.02295684814453,95.66075897216797,99.38581085205078,0,66561.33660888672,199321.81311035156,430.24969482421875,16788910080,13421772800,16113176576,6950371328
199,1766836245018,2300,2300,2300,2300,2300,2300,2300,2300,2300,2300,2300,2300,2300,2300,2300,2300,2300,2300,2300,2300,98.84184265136719,83.77618408203125,99.3471450805664,87.5429458618164,13.251136779785156,10.529373168945313,0.3511962890625,2.5264358520507813,4.010017395019531,3.65521240234375,3.378173828125,2.3670578002929688,99.33125305175781,96.22636413574219,94.46253204345703,99.66400146484375,99.33702087402344,94.0323715209961,89.91366577148438,99.40109252929688,0,66568.92321777344,199327.6557006836,430.2510986328125,16788910080,13421772800,16081436672,6918164480
199,1766836245218,2300,2300,2300,2300,2300,2300,2300,2300,2300,2300,2300,2300,2300,2300,2300,2300,2300,2300,2300,2300,99.39314270019531,98.12346649169922,99.66876983642578,94.58804321289063,9.89691162109375,8.122520446777344,2.6503143310546875,1.96844482421875,4.6341400146484375,0,0.21013641357421875,0.5840682983398438,99.64754486083984,97.39198303222656,96.02207946777344,99.73869323730469,99.59596252441406,97.48863220214844,93.43115234375,99.6194076538086,0,66576.0966796875,199333.5750732422,430.2510986328125,16788910080,13421772800,16101949440,6950707200
199,1766836245418,2300,2300,2300,2300,2300,2300,2300,2300,2300,2300,2300,2300,2300,2300,2300,2300,2300,2300,2300,2300,99.54721069335938,95.54141998291016,99.8708724975586,99.21558380126953,12.859970092773438,11.680549621582031,7.016746520996094,13.393089294433594,9.666397094726563,4.330757141113281,6.555534362792969,21.31359100341797,99.8424072265625,98.9157943725586,99.4083480834961,99.86516571044922,99.88358306884766,98.94123077392578,98.3173828125,99.80396270751953,0,66582.71282958984,199338.90789794922,430.25140380859375,16788910080,13421772800,16116756480,6965460992
199,1766836245618,2300,2300,2300,2300,2300,2300,2300,2300,2300,2300,2300,2300,2300,2300,2300,2300,2300,2300,2300,2300,99.46121215820313,93.6014175415039,99.81499481201172,96.48780822753906,10.4095458984375,8.968147277832031,5.4349365234375,3.5179290771484375,11.084640502929688,4.079643249511719,2.6102294921875,3.2124481201171875,99.7388687133789,97.12035369873047,97.53392028808594,99.68208312988281,99.77658081054688,98.88066864013672,97.37513732910156,99.73687744140625,0,66589.86328125,199344.81939697266,430.25140380859375,16788910080,13421772800,16121556992,6983139328
200,1766836245818,2300,2300,2300,2300,2300,2300,2300,2300,2300,2300,2300,2300,2300,2300,2300,2300,2300,2300,2300,2300,99.9258804321289,98.3908462524414,99.95921325683594,99.6814193725586,0.8224411010742188,6.956169128417969,0.8888168334960938,0.2210693359375,4.0564422607421875,1.9131927490234375,1.1415786743164063,1.4869461059570313,99.93187713623047,98.11190032958984,99.3450927734375,99.9376220703125,99.9459228515625,99.5526123046875,98.30847930908203,99.96681213378906,0,66597.55639648438,199351.27215576172,430.25140380859375,16788910080,13421772800,16100421632,6959456256
200,1766836246019,2300,2300,2300,2300,2300,2300,2300,2300,2300,2300,2300,2300,2300,2300,2300,2300,2300,2300,2300,2300,99.0152816772461,90.35093688964844,99.54865264892578,96.69842529296875,8.40673828125,14.920280456542969,6.679786682128906,0.7595443725585938,4.058479309082031,3.8799514770507813,1.6204299926757813,3.1791839599609375,99.45390319824219,94.47207641601563,96.64972686767578,99.607177734375,99.49661254882813,98.0489730834961,95.05789184570313,99.2518310546875,0,66606.84460449219,199359.31756591797,430.25262451171875,16788910080,13421772800,16110120960,6960988160
199,1766836246219,2300,2300,2300,2300,2300,2300,2300,2300,2300,2300,2300,2300,2300,2300,2300,2300,2300,2300,2300,2300,99.04865264892578,91.96578979492188,99.58898162841797,96.93265533447266,1.4992752075195313,9.922943115234375,1.2910308837890625,1.7224197387695313,4.4684600830078125,3.9896316528320313,1.318206787109375,1.8719940185546875,99.38595581054688,97.03528594970703,96.51641845703125,99.65023040771484,99.5779037475586,98.11425018310547,96.55362701416016,99.71774291992188,0,66616.8935546875,199368.12561035156,430.25262451171875,16788910080,13421772800,16100012032,6947565568
199,1766836246420,2300,2300,2300,2300,2300,2300,2300,2300,2300,2300,2300,2300,2300,2300,2300,2300,2300,2300,2300,2300,99.38046264648438,96.4320297241211,99.7208480834961,98.55607604980469,0.28629302978515625,4.5938568115234375,1.5389862060546875,0,1.48968505859375,1.9513320922851563,0.32895660400390625,0.3471221923828125,99.45611572265625,97.35956573486328,97.54231262207031,99.65901947021484,99.6064682006836,98.9134292602539,98.8398208618164,99.68960571289063,0,66624.07861328125,199374.05352783203,430.25262451171875,16788910080,13421772800,16110272512,6957289472
199,1766836246620,2300,2300,2300,2300,2300,2300,2300,2300,2300,2300,2300,2300,2300,2300,2300,2300,2300,2300,2300,2300,99.77930450439453,99.82516479492188,99.91962432861328,99.49678039550781,0.9709625244140625,6.942649841308594,1.0183944702148438,0,0.7278213500976563,0.24700164794921875,0,0.00922393798828125,99.94207763671875,99.50387573242188,99.79946899414063,99.99118041992188,99.96624755859375,99.34186553955078,98.96219635009766,99.97415161132813,0,66630.83532714844,199379.52185058594,430.25323486328125,16788910080,13421772800,16143613952,6975643648
236,1766836246820,2300,2300,2300,2300,2300,2300,2300,2300,2300,2300,2300,2300,2300,2300,2300,2300,2300,2300,2300,2300,99.73644256591797,98.73212432861328,99.91558074951172,99.4181900024414,0,0,0,0,0,0,0,0,99.93356323242188,99.37428283691406,99.82161712646484,99.91592407226563,99.92436981201172,99.3824234008789,99.76002502441406,99.89250183105469,0,66638.77124023438,199386.03607177734,430.25323486328125,16788910080,13421772800,16158920704,6994644992
206,1766836247057,2300,2300,2300,2300,2300,2300,2300,2300,2300,2300,2300,2300,2300,2300,2300,2300,2300,2300,2300,2300,100,99.97357177734375,100,100,0,0,0,0,0,0,0,0,100,100,99.98714447021484,100,100,99.98687744140625,100,100,0,66647.12268066406,199393.17547607422,430.25469970703125,16788910080,13421772800,16154914816,6986862592
194,1766836247273,2300,2300,2300,2300,2300,2300,2300,2300,2300,2300,2300,2300,2300,2300,2300,2300,2300,2300,2300,2300,100,98.90147399902344,99.8509521484375,98.8512191772461,5.090721130371094,5.56561279296875,5.4268646240234375,6.5237579345703125,6.951423645019531,4.7170867919921875,4.906028747558594,4.714317321777344,99.87345886230469,98.90803527832031,99.76819610595703,99.89160919189453,99.86756134033203,98.79548645019531,99.39246368408203,99.84679412841797,0,66654.05310058594,199398.5033569336,430.25469970703125,16788910080,13421772800,16174161920,7007248384
271,1766836247467,2300,2300,2300,2300,2300,2300,2300,2300,2300,2300,2300,2300,2300,2300,2300,2300,2300,2300,2300,2300,99.40941619873047,97.53921508789063,99.74063873291016,95.80757141113281,0,0,0,3.3826828002929688,0,1.0269851684570313,9.810791015625,0,99.77995300292969,98.52781677246094,98.80782318115234,99.8998794555664,99.76162719726563,99.47075653076172,98.97537231445313,99.69227600097656,0,66662.41687011719,199405.32373046875,430.2554931640625,16788910080,13421772800,16156336128,6982963200
197,1766836247742,2300,2300,2300,2300,2300,2300,2300,2300,2300,2300,2300,2300,2300,2300,2300,2300,2300,2300,2300,2300,99.93197631835938,99.91304779052734,99.9747314453125,99.66291046142578,9.076263427734375,8.568740844726563,4.896270751953125,5.8494415283203125,9.432014465332031,7.881507873535156,5.287559509277344,3.9625701904296875,99.96663665771484,99.74173736572266,99.642333984375,99.99083709716797,100,99.7228775024414,99.95503234863281,99.97343444824219,0,66672.28259277344,199413.44018554688,430.2554931640625,16788910080,13421772800,16131719168,6941966336
200,1766836247940,2300,2300,2300,2300,2300,2300,2300,2300,2300,2300,2300,2300,2300,2300,2300,2300,2300,2300,2300,2300,98.42010498046875,77.17768859863281,99.39512634277344,82.95866394042969,4.549552917480469,8.540763854980469,6.272453308105469,3.1757659912109375,8.778427124023438,7.149528503417969,4.7610626220703125,2.5837631225585938,99.04090118408203,93.18072509765625,92.76092529296875,99.57597351074219,99.26016998291016,90.74137878417969,89.65267181396484,99.3497085571289,0,66678.45806884766,199418.45239257813,430.25567626953125,16788910080,13421772800,16115412992,6908555264
198,1766836248142,2300,2300,2300,2300,2300,2300,2300,2300,2300,2300,2300,2300,2300,2300,2300,2300,2300,2300,2300,2300,98.61763763427734,91.24935913085938,99.49818420410156,91.80057525634766,0,0,0,0,1.2023468017578125,0,0,0,99.65472412109375,96.29920959472656,94.65999603271484,99.84070587158203,99.3335189819336,96.9393539428711,97.37065124511719,99.44642639160156,0,66686.96978759766,199425.47534179688,430.256103515625,16788910080,13421772800,16123498496,6911668224
200,1766836248341,2300,2300,2300,2300,2300,2300,2300,2300,2300,2300,2300,2300,2300,2300,2300,2300,2300,2300,2300,2300,98.29319763183594,86.8037338256836,99.63268280029297,91.86254119873047,0,7.359397888183594,0,0,0,0,0,0.16513824462890625,99.75991821289063,99.1836166381836,97.14830017089844,99.83502197265625,99.30979919433594,95.10835266113281,95.2845458984375,99.35646057128906,0,66693.77026367188,199430.9312133789,430.256103515625,16788910080,13421772800,16111017984,6918479872
200,1766836248542,2300,2300,2300,2300,2300,2300,2300,2300,2300,2300,2300,2300,2300,2300,2300,2300,2300,2300,2300,2300,98.10147094726563,67.28211975097656,98.7010269165039,85.86103820800781,1.40362548828125,6.254676818847656,0,0,0,0,0,1.5573959350585938,99.45686340332031,90.33332824707031,92.27546691894531,99.72882843017578,98.97277069091797,91.60212707519531,87.9802017211914,99.21896362304688,0,66701.51971435547,199437.30474853516,430.25677490234375,16788910080,13421772800,16128987136,7011291136
200,1766836248743,2300,2300,2300,2300,2300,2300,2300,2300,2300,2300,2300,2300,2300,2300,2300,2300,2300,2300,2300,2300,97.83728790283203,87.05168914794922,99.43482208251953,92.65010833740234,0,3.6126937866210938,0,0,0.08258819580078125,0,0,0.9875030517578125,99.60025787353516,94.12504577636719,95.70442962646484,99.71558380126953,99.33037567138672,92.13720703125,92.64129638671875,99.0434799194336,0,66710.13165283203,199444.56799316406,430.25677490234375,16788910080,13421772800,16144850944,7029481472
200,1766836248944,2300,2300,2300,2300,2300,2300,2300,2300,2300,2300,2300,2300,2300,2300,2300,2300,2300,2300,2300,2300,99.51785278320313,93.6200942993164,99.74263000488281,97.28028106689453,0,0.34527587890625,0,0,0,0,0,0,99.67768859863281,98.92214965820313,98.57794189453125,99.77861785888672,99.8707275390625,99.06698608398438,99.00802612304688,99.8308334350586,0,66717.16607666016,199450.19049072266,430.25836181640625,16788910080,13421772800,16167686144,7048568832
200,1766836249144,2300,2300,2300,2300,2300,2300,2300,2300,2300,2300,2300,2300,2300,2300,2300,2300,2300,2300,2300,2300,98.9092788696289,91.21415710449219,99.5157699584961,95.8049545288086,1.4627609252929688,6.6280670166015625,2.0318527221679688,1.692169189453125,2.2788772583007813,1.5984954833984375,1.6976852416992188,2.4295730590820313,99.60997772216797,97.69210815429688,96.71320343017578,99.73786163330078,99.51020050048828,97.96586608886719,96.3906478881836,99.42841339111328,0,66725.04174804688,199456.76043701172,430.25927734375,16788910080,13421772800,16134348800,6996004864
199,1766836249346,2300,2300,2300,2300,2300,2300,2300,2300,2300,2300,2300,2300,2300,2300,2300,2300,2300,2300,2300,2300,98.1881103515625,88.31401062011719,99.18191528320313,88.25663757324219,0,0.8056869506835938,0,0,0,0,0,0,99.58202362060547,96.01976776123047,96.0408706665039,99.69338989257813,99.3201904296875,94.291259765625,94.54039764404297,99.47673797607422,0,66732.07934570313,199462.40521240234,430.25927734375,16788910080,13421772800,16161878016,7013949440
200,1766836249545,2300,2300,2300,2300,2300,2300,2300,2300,2300,2300,2300,2300,2300,2300,2300,2300,2300,2300,2300,2300,98.7793197631836,91.83660888671875,99.64686584472656,95.17301940917969,2.4797515869140625,6.798927307128906,2.3284378051757813,6.136558532714844,3.3726577758789063,5.803489685058594,16.499984741210938,5.736534118652344,99.70536804199219,98.01099395751953,96.81775665283203,99.74065399169922,99.56159210205078,97.62578582763672,95.12811279296875,99.43115234375,0,66741.18725585938,199470.15423583984,430.25927734375,16788910080,13421772800,16182947840,7019540480
217,1766836249746,2300,2300,2300,2300,2300,2300,2300,2300,2300,2300,2300,2300,2300,2300,2300,2300,2300,2300,2300,2300,99.64302062988281,97.87251281738281,99.74821472167969,96.96746063232422,0,0.10785675048828125,0,0,0,0,0,0,99.84613037109375,98.59861755371094,98.2096939086914,99.77082061767578,99.6890869140625,98.2147216796875,96.03810119628906,99.64789581298828,0,66748.2349243164,199475.82287597656,430.25946044921875,16788910080,13421772800,16196313088,7034757120
200,1766836249964,2300,2300,2300,2300,2300,2300,2300,2300,2300,2300,2300,2300,2300,2300,2300,2300,2300,2300,2300,2300,99.51344299316406,97.3216552734375,99.8558120727539,95.77362823486328,0,0,0,0,0,0,0,0,99.7879409790039,98.6963882446289,96.85287475585938,99.83784484863281,99.86406707763672,98.33033752441406,96.78561401367188,99.82893371582031,0,66755.2612915039,199481.42059326172,430.2606201171875,16788910080,13421772800,16222982144,7063240704
209,1766836250165,2300,2300,2300,2300,2300,2300,2300,2300,2300,2300,2300,2300,2300,2300,2300,2300,2300,2300,2300,2300,98.49960327148438,89.97183227539063,99.42758178710938,96.51319885253906,7.5565338134765625,0.9412918090820313,0,0.16461944580078125,0.01255035400390625,0,0.250885009765625,0.6866378784179688,99.40171813964844,97.01455688476563,94.07833862304688,99.68953704833984,99.04344940185547,93.9074935913086,93.79705047607422,99.53684997558594,0,66762.7490234375,199487.47357177734,430.261962890625,16788910080,13421772800,16152600576,6985379840
561,1766836250377,2300,2300,2300,2300,2300,2300,2300,2300,2300,2300,2300,2300,2300,2300,2300,2300,2300,2300,2300,2300,99.66202545166016,97.00780487060547,99.86270141601563,97.22547912597656,0,2.999755859375,0,0,0,0,0,0,99.8031005859375,98.87538146972656,96.88911437988281,99.80801391601563,99.86756896972656,98.38750457763672,97.82543182373047,99.7303237915039,0,66787.47564697266,199507.12866210938,430.27008056640625,16788910080,13421772800,15996805120,6755262464
200,1766836250939,2300,2300,2300,2300,2300,2300,2300,2300,2300,2300,2300,2300,2300,2300,2300,2300,2300,2300,2300,2300,100,100,100,100,98.90563201904297,100,98.92279815673828,98.92279815673828,98.92337036132813,98.92353820800781,98.92362213134766,98.92391967773438,100,100,100,100,100,100,100,100,0,66787.70086669922,199507.3154296875,430.27008056640625,16788910080,13421772800,15981469696,6657904640
200,1766836251139,2300,2300,2300,2300,2300,2300,2300,2300,2300,2300,2300,2300,2300,2300,2300,2300,2300,2300,2300,2300,100,100,100,100,6.8996124267578125,43.26688766479492,20.511024475097656,19.72388458251953,2.8534927368164063,1.4497451782226563,56.42213821411133,2.9832611083984375,100,100,100,100,100,100,100,100,0,66794.96966552734,199513.28369140625,430.278076171875,16788910080,13421772800,15994953728,6665912320
201,1766836251340,2300,2300,2300,2300,2300,2300,2300,2300,2300,2300,2300,2300,2300,2300,2300,2300,2300,2300,2300,2300,100,100,100,100,5.052742004394531,3.6371231079101563,5.305366516113281,0.847015380859375,1.3216934204101563,0.0510711669921875,1.33306884765625,0,100,100,100,100,100,100,100,100,0,66800.73162841797,199517.69506835938,430.2796630859375,16788910080,13421772800,16007200768,6676078592
200,1766836251541,2300,2300,2300,2300,2300,2300,2300,2300,2300,2300,2300,2300,2300,2300,2300,2300,2300,2300,2300,2300,100,99.98578643798828,99.98234558105469,99.98828125,5.3556060791015625,4.682044982910156,5.448356628417969,9.275825500488281,2.1884384155273438,4.3152923583984375,4.4866790771484375,18.826805114746094,99.97032928466797,100,99.97811126708984,100,99.96768951416016,99.89837646484375,99.88780212402344,99.98284912109375,0,66807.46252441406,199523.03649902344,430.2796630859375,16788910080,13421772800,16019615744,6688550912
200,1766836251741,2300,2300,2300,2300,2300,2300,2300,2300,2300,2300,2300,2300,2300,2300,2300,2300,2300,2300,2300,2300,100,99.98767852783203,100,99.76887512207031,6.099281311035156,5.686058044433594,5.410057067871094,0.2195587158203125,0,0,0,0,99.96990966796875,99.9888916015625,99.68224334716797,100,100,99.95875549316406,99.3751449584961,99.9806137084961,0,66813.4789428711,199527.77282714844,430.2811279296875,16788910080,13421772800,16025018368,6690955264
199,1766836251942,2300,2300,2300,2300,2300,2300,2300,2300,2300,2300,2300,2300,2300,2300,2300,2300,2300,2300,2300,2300,99.75262451171875,97.29740142822266,99.85704040527344,99.80244445800781,5.57965087890625,6.6276702880859375,3.9842529296875,2.1378555297851563,0,0.8907699584960938,0.4322967529296875,0,99.87088012695313,98.11304473876953,97.79376220703125,99.90876770019531,99.78840637207031,99.37789154052734,97.95010375976563,99.7802505493164,0,66820.81274414063,199533.78680419922,430.2823486328125,16788910080,13421772800,16002383872,6665285632
200,1766836252142,2300,2300,2300,2300,2300,2300,2300,2300,2300,2300,2300,2300,2300,2300,2300,2300,2300,2300,2300,2300,99.57979583740234,95.35990142822266,99.76007080078125,98.14112091064453,6.547294616699219,4.7571868896484375,6.717742919921875,0.8986053466796875,2.0675201416015625,0.5104446411132813,0.832550048828125,0.395416259765625,99.74490356445313,98.74311065673828,99.18286895751953,99.82365417480469,99.80037689208984,99.27245330810547,98.13330841064453,99.80939483642578,0,66828.16693115234,199539.83197021484,430.2823486328125,16788910080,13421772800,16017424384,6683557888
199,1766836252343,2300,2300,2300,2300,2300,2300,2300,2300,2300,2300,2300,2300,2300,2300,2300,2300,2300,2300,2300,2300,99.99252319335938,99.09370422363281,99.94071960449219,99.70988464355469,5.02227783203125,5.9658203125,5.031501770019531,1.1903839111328125,0.5612869262695313,0.564727783203125,0.7005386352539063,0.507293701171875,99.93344116210938,99.88707733154297,99.4581527709961,99.92172241210938,99.9444580078125,99.14241027832031,98.97549438476563,99.92461395263672,0,66834.43060302734,199544.80560302734,430.283447265625,16788910080,13421772800,16025038848,6694477824
200,1766836252543,2300,2300,2300,2300,2300,2300,2300,2300,2300,2300,2300,2300,2300,2300,2300,2300,2300,2300,2300,2300,99.66448974609375,93.0042953491211,99.73941802978516,93.84602355957031,7.3280487060546875,11.083168029785156,5.2409820556640625,8.358444213867188,0.9643936157226563,0.6965408325195313,0.9137420654296875,1.7385711669921875,99.8331527709961,96.52857971191406,96.7899169921875,99.75486755371094,99.67542266845703,99.92974090576172,96.55475616455078,99.80145263671875,0,66839.86627197266,199548.8853149414,430.283447265625,16788910080,13421772800,16016674816,6677729280
200,1766836252744,2300,2300,2300,2300,2300,2300,2300,2300,2300,2300,2300,2300,2300,2300,2300,2300,2300,2300,2300,2300,98.39826965332031,86.03691864013672,99.33940124511719,92.34923553466797,4.632484436035156,3.9022369384765625,10.786827087402344,0,0.49420928955078125,0,0,31.239700317382813,99.41936492919922,94.32408142089844,95.73481750488281,99.52767944335938,99.51795959472656,96.65645599365234,93.67159271240234,99.50433349609375,0,66847.55798339844,199555.34771728516,430.283447265625,16788910080,13421772800,16026169344,6694662144
200,1766836252944,2300,2300,2300,2300,2300,2300,2300,2300,2300,2300,2300,2300,2300,2300,2300,2300,2300,2300,2300,2300,99.6882553100586,95.54779052734375,99.81756591796875,97.78712463378906,5.6349639892578125,7.6020355224609375,4.446296691894531,0.2318115234375,1.9671707153320313,11.86968994140625,2.6360626220703125,91.88105773925781,99.85326385498047,98.69812774658203,98.30301666259766,99.91209411621094,99.83438110351563,99.87957000732422,97.63685607910156,99.83983612060547,0,66854.4429321289,199560.81713867188,430.2850341796875,16788910080,13421772800,16020455424,6668361728
199,1766836253145,2300,2300,2300,2300,2300,2300,2300,2300,2300,2300,2300,2300,2300,2300,2300,2300,2300,2300,2300,2300,98.8674087524414,89.89485168457031,99.50357818603516,90.86949920654297,1.2154693603515625,2.94415283203125,2.968841552734375,0,0.8414382934570313,81.3658218383789,6.795417785644531,21.24835205078125,99.5495376586914,95.00487518310547,94.25968933105469,99.77044677734375,99.52620697021484,97.65304565429688,94.28739929199219,99.4241714477539,0,66863.17114257813,199568.22778320313,430.2850341796875,16788910080,13421772800,16016830464,6679822336
200,1766836253345,2300,2300,2300,2300,2300,2300,2300,2300,2300,2300,2300,2300,2300,2300,2300,2300,2300,2300,2300,2300,98.0899429321289,62.53479766845703,98.3690185546875,76.4859390258789,3.7945327758789063,1.4549026489257813,3.0953216552734375,0.14933013916015625,5.413299560546875,77.26887512207031,15.161735534667969,13.415641784667969,98.0216064453125,86.10356140136719,89.1122817993164,98.93278503417969,98.73308563232422,91.6239013671875,79.05362701416016,98.33293914794922,0,66869.42797851563,199573.09747314453,430.285888671875,16788910080,13421772800,16011309056,6658547712
200,1766836253546,2300,2300,2300,2300,2300,2300,2300,2300,2300,2300,2300,2300,2300,2300,2300,2300,2300,2300,2300,2300,98.40365600585938,62.16407775878906,98.1370849609375,79.9894027709961,3.427978515625,4.6722412109375,2.4874191284179688,0.22711181640625,51.16537857055664,59.97097396850586,6.667274475097656,7.4378509521484375,98.57762908935547,86.61316680908203,93.13465881347656,98.99701690673828,98.73323822021484,89.67349243164063,75.52806091308594,98.31784057617188,0,66876.01440429688,199578.64672851563,430.285888671875,16788910080,13421772800,16025292800,6691557376
199,1766836253746,2300,2300,2300,2300,2300,2300,2300,2300,2300,2300,2300,2300,2300,2300,2300,2300,2300,2300,2300,2300,98.44474792480469,86.06793975830078,98.69710540771484,91.6052474975586,6.972190856933594,6.102790832519531,4.96746826171875,0.68670654296875,84.87388610839844,12.913101196289063,2.6217117309570313,30.43243408203125,98.51396179199219,91.69367218017578,95.48424530029297,99.47856903076172,99.02890014648438,96.62690734863281,89.77448272705078,99.01408386230469,0,66883.52600097656,199584.98358154297,430.285888671875,16788910080,13421772800,15998390272,6656868352
200,1766836253946,2300,2300,2300,2300,2300,2300,2300,2300,2300,2300,2300,2300,2300,2300,2300,2300,2300,2300,2300,2300,97.47052001953125,68.6474609375,98.79989624023438,81.23785400390625,3.0670928955078125,3.2201614379882813,7.678199768066406,0.9818191528320313,4.488075256347656,7.295204162597656,4.015174865722656,100,98.38792419433594,88.67892456054688,88.8903579711914,98.92413330078125,98.42729949951172,96.21589660644531,80.58220672607422,98.76996612548828,0,66890.5874633789,199590.47143554688,430.2872314453125,16788910080,13421772800,16018530304,6677737472
199,1766836254146,2300,2300,2300,2300,2300,2300,2300,2300,2300,2300,2300,2300,2300,2300,2300,2300,2300,2300,2300,2300,97.70117950439453,77.14779663085938,99.30919647216797,84.73970031738281,19.155494689941406,8.787246704101563,13.731536865234375,1.1405181884765625,2.26556396484375,51.260887145996094,1.9152145385742188,19.1553955078125,98.5616683959961,85.77745056152344,91.80628204345703,99.3502426147461,98.7634048461914,94.64769744873047,86.67788696289063,99.17916870117188,0,66897.70947265625,199596.5142211914,430.2872314453125,16788910080,13421772800,15996882944,6631759872
200,1766836254346,2300,2300,2300,2300,2300,2300,2300,2300,2300,2300,2300,2300,2300,2300,2300,2300,2300,2300,2300,2300,98.6445083618164,68.86489868164063,98.46086120605469,81.50369262695313,3.1212310791015625,6.2917327880859375,6.8435211181640625,2.3241424560546875,2.8845367431640625,1.0629119873046875,4.379722595214844,1.0356674194335938,98.97193908691406,90.01262664794922,88.86032104492188,98.58480072021484,98.9217758178711,92.29287719726563,87.8851547241211,99.201171875,0,66905.09460449219,199602.18682861328,430.2872314453125,16788910080,13421772800,16043286528,6676082688
200,1766836254547,2300,2300,2300,2300,2300,2300,2300,2300,2300,2300,2300,2300,2300,2300,2300,2300,2300,2300,2300,2300,98.89639282226563,76.18058776855469,98.93550872802734,76.58970642089844,4.405891418457031,4.487876892089844,1.0669479370117188,0,0,0,0,0,99.65857696533203,92.23876953125,95.01881408691406,99.52764892578125,99.09386444091797,95.21693420410156,84.74801635742188,98.15713500976563,0,66912.34161376953,199608.08764648438,430.28826904296875,16788910080,13421772800,16058769408,6679130112
200,1766836254748,2300,2300,2300,2300,2300,2300,2300,2300,2300,2300,2300,2300,2300,2300,2300,2300,2300,2300,2300,2300,99.51655578613281,90.46363830566406,99.72191619873047,92.65489959716797,10.781227111816406,11.991676330566406,6.419181823730469,3.2583160400390625,0.5559616088867188,0.21298980712890625,1.294281005859375,0.487945556640625,99.71249389648438,94.3475112915039,97.8675308227539,99.77374267578125,99.68043518066406,95.3941879272461,92.98747253417969,99.56423950195313,0,66919.02264404297,199613.4462890625,430.28826904296875,16788910080,13421772800,16045154304,6671872000
200,1766836254948,2300,2300,2300,2300,2300,2300,2300,2300,2300,2300,2300,2300,2300,2300,2300,2300,2300,2300,2300,2300,98.97349548339844,93.6505126953125,99.53919219970703,92.48773956298828,10.140274047851563,4.168663024902344,10.357574462890625,1.1606674194335938,0,0,1.673126220703125,0,99.11012268066406,92.97624206542969,94.54776000976563,99.5205078125,99.63824462890625,96.90559387207031,91.57472229003906,99.18081665039063,0,66924.19012451172,199617.24383544922,430.288818359375,16788910080,13421772800,16061005824,6679195648
200,1766836255149,2300,2300,2300,2300,2300,2300,2300,2300,2300,2300,2300,2300,2300,2300,2300,2300,2300,2300,2300,2300,97.21202850341797,69.03942108154297,98.41692352294922,78.30992126464844,15.013229370117188,5.548469543457031,9.135673522949219,0.83258056640625,1.173553466796875,0.30567169189453125,3.5783004760742188,0.42557525634765625,97.72406005859375,87.21269226074219,91.07896423339844,98.27488708496094,99.41983795166016,85.44569396972656,69.29553985595703,99.0259017944336,0,66931.65441894531,199623.4116821289,430.288818359375,16788910080,13421772800,16009031680,6630330368
199,1766836255350,2300,2300,2300,2300,2300,2300,2300,2300,2300,2300,2300,2300,2300,2300,2300,2300,2300,2300,2300,2300,98.88043212890625,77.92198181152344,98.5884017944336,74.715576171875,4.5366668701171875,4.920356750488281,3.2569122314453125,0.4174346923828125,3.0245285034179688,1.4993896484375,1.1353912353515625,0.41202545166015625,99.22115325927734,86.87745666503906,93.58993530273438,98.11488342285156,99.01824188232422,89.78616333007813,86.34345245361328,94.68354034423828,0,66940.06982421875,199630.53271484375,430.288818359375,16788910080,13421772800,16044994560,6653947904
201,1766836255550,2300,2300,2300,2300,2300,2300,2300,2300,2300,2300,2300,2300,2300,2300,2300,2300,2300,2300,2300,2300,97.76158905029297,80.78711700439453,98.89825439453125,82.87470245361328,4.830169677734375,6.376152038574219,6.556602478027344,2.413360595703125,0.5321044921875,0,0,0.31529998779296875,98.89753723144531,85.72907257080078,99.5672607421875,97.17890930175781,98.82148742675781,94.42765045166016,98.7132339477539,91.69092559814453,0,66948.24890136719,199637.40625,430.2894287109375,16788910080,13421772800,16049479680,6646788096
200,1766836255752,2300,2300,2300,2300,2300,2300,2300,2300,2300,2300,2300,2300,2300,2300,2300,2300,2300,2300,2300,2300,98.67045593261719,82.23184204101563,99.23410034179688,83.06927490234375,13.771476745605469,28.351768493652344,8.234336853027344,3.954559326171875,0,0,0,0,99.43099975585938,87.38412475585938,99.1240463256836,95.64698028564453,99.07201385498047,89.45060729980469,98.95685577392578,92.19343566894531,0,66955.65832519531,199643.43963623047,430.2894287109375,16788910080,13421772800,16075141120,6675140608
200,1766836255953,2300,2300,2300,2300,2300,2300,2300,2300,2300,2300,2300,2300,2300,2300,2300,2300,2300,2300,2300,2300,97.45906829833984,73.23990631103516,98.41836547851563,85.10050964355469,1.5597686767578125,10.278144836425781,2.0528564453125,0,1.746856689453125,1.2444610595703125,0.5951385498046875,0,99.33134460449219,74.0353775024414,99.29804992675781,93.54830169677734,98.77915954589844,88.12967681884766,98.27899169921875,80.86689758300781,0,66963.48876953125,199649.8975830078,430.291015625,16788910080,13421772800,16064143360,6668705792
200,1766836256154,2300,2300,2300,2300,2300,2300,2300,2300,2300,2300,2300,2300,2300,2300,2300,2300,2300,2300,2300,2300,98.53729248046875,61.947174072265625,98.93203735351563,81.08039855957031,15.335609436035156,8.579360961914063,9.563591003417969,4.931648254394531,4.6153106689453125,3.6890106201171875,1.80596923828125,0.579559326171875,98.83377075195313,56.874778747558594,99.13946533203125,90.41470336914063,99.046630859375,86.30443572998047,98.62025451660156,85.88338470458984,0,66972.61920166016,199657.69555664063,430.291015625,16788910080,13421772800,15965540352,6667395072
200,1766836256354,2300,2300,2300,2300,2300,2300,2300,2300,2300,2300,2300,2300,2300,2300,2300,2300,2300,2300,2300,2300,97.41461181640625,53.111480712890625,98.15042114257813,70.10254669189453,75.70986938476563,7.03411865234375,11.286880493164063,6.135276794433594,2.36346435546875,1.9950790405273438,2.1232452392578125,1.4871597290039063,98.16683197021484,67.88845825195313,98.24014282226563,82.51084899902344,99.00235748291016,87.24365234375,98.73567962646484,87.84991455078125,0,66980.8471069336,199664.6109008789,430.304931640625,16788910080,13421772800,15704326144,6186344448
200,1766836256555,2300,2300,2300,2300,2300,2300,2300,2300,2300,2300,2300,2300,2300,2300,2300,2300,2300,2300,2300,2300,97.27959442138672,33.637237548828125,98.5827407836914,49.53302001953125,5.549903869628906,7.344642639160156,1.693572998046875,0,7.31561279296875,12.146537780761719,5.748008728027344,1.7959365844726563,97.35529327392578,26.769920349121094,97.79519653320313,84.72610473632813,98.6651611328125,74.90190124511719,96.72109985351563,69.8616714477539,0,66988.0855102539,199670.46307373047,430.30712890625,16788910080,13421772800,15688617984,6159777792
199,1766836256756,2300,2300,2300,2300,2300,2300,2300,2300,2300,2300,2300,2300,2300,2300,2300,2300,2300,2300,2300,2300,94.6536636352539,17.069427490234375,96.71174621582031,33.171875,2.23388671875,3.2695999145507813,0,0,5.366859436035156,12.2315673828125,9.313056945800781,2.7105712890625,97.39178466796875,14.577003479003906,97.26551818847656,86.98892974853516,97.69413757324219,65.43505859375,97.29251098632813,58.791934967041016,0,66994.95379638672,199675.94842529297,430.30712890625,16788910080,13421772800,15682052096,6155907072
200,1766836256955,2300,2300,2300,2300,2300,2300,2300,2300,2300,2300,2300,2300,2300,2300,2300,2300,2300,2300,2300,2300,84.8709716796875,15.768455505371094,84.95529174804688,24.261390686035156,6.8414764404296875,6.002845764160156,5.5006103515625,2.2539291381835938,5.9282684326171875,5.708229064941406,8.119781494140625,7.477409362792969,94.32386779785156,13.911102294921875,91.27557373046875,65.01821899414063,89.38587188720703,45.405426025390625,89.70482635498047,29.869277954101563,0,67002,199681.8189086914,430.30816650390625,16788910080,13421772800,15603253248,6121611264
199,1766836257156,2300,2300,2300,2300,2300,2300,2300,2300,2300,2300,2300,2300,2300,2300,2300,2300,2300,2300,2300,2300,62.51106262207031,0.15854644775390625,70.78378295898438,3.0472869873046875,0.21617889404296875,0.21622467041015625,0.21612548828125,0.21598052978515625,5.4371185302734375,5.542518615722656,24.58477783203125,56.10263442993164,71.20272827148438,0.15630340576171875,73.26499938964844,50.25893020629883,84.94966125488281,9.638442993164063,74.47950744628906,4.549720764160156,0,67007.7222290039,199686.3579711914,430.308837890625,16788910080,13421772800,15386836992,5775486976
200,1766836257356,2300,2300,2300,2300,2300,2300,2300,2300,2300,2300,2300,2300,2300,2300,2300,2300,2300,2300,2300,2300,69.48607635498047,0,80.92858123779297,0,0,0,0,0,28.019729614257813,0.3793487548828125,6.712684631347656,3.243255615234375,79.95693969726563,0,91.54492950439453,39.5327033996582,89.60929107666016,22.38128662109375,80.71859741210938,8.756362915039063,0,67014.3076171875,199691.73828125,430.308837890625,16788910080,13421772800,15401480192,5792755712
200,1766836257557,2300,2300,2300,2300,2300,2300,2300,2300,2300,2300,2300,2300,2300,2300,2300,2300,2300,2300,2300,2300,87.28355407714844,2.8203125,89.64791870117188,6.137596130371094,1.5469970703125,0.7726821899414063,0.7724838256835938,0.7723312377929688,3.1599349975585938,1.049285888671875,8.057579040527344,7.649635314941406,93.33073425292969,0.9992904663085938,93.51459503173828,53.07065963745117,92.27752685546875,32.5447998046875,94.03499603271484,16.035011291503906,0,67022.447265625,199698.68182373047,430.309326171875,16788910080,13421772800,15417331712,5811486720
199,1766836257758,2300,2300,2300,2300,2300,2300,2300,2300,2300,2300,2300,2300,2300,2300,2300,2300,2300,2300,2300,2300,82.86067962646484,1.1036148071289063,87.3468246459961,3.3237686157226563,7.30340576171875,4.4893035888671875,10.140525817871094,0,4.6789398193359375,1.7662429809570313,25.329574584960938,7.932037353515625,86.28084564208984,0.3132171630859375,91.27460479736328,37.6171760559082,91.85569763183594,18.021263122558594,87.02139282226563,7.4504547119140625,0,67028.98510742188,199703.99798583984,430.309326171875,16788910080,13421772800,15388647424,5826998272
199,1766836257958,2300,2300,2300,2300,2300,2300,2300,2300,2300,2300,2300,2300,2300,2300,2300,2300,2300,2300,2300,2300,82.19058990478516,1.1562118530273438,88.56321716308594,3.3648452758789063,0.06682586669921875,0.029052734375,3.3594436645507813,0.12471771240234375,2.9001617431640625,0.6618194580078125,3.4791717529296875,4.938835144042969,89.92957305908203,1.0112152099609375,91.06954956054688,39.74398422241211,92.8536376953125,16.556777954101563,88.00830841064453,9.542198181152344,0,67035.95483398438,199709.83428955078,430.30975341796875,16788910080,13421772800,15418363904,5853933568
196,1766836258161,2300,2300,2300,2300,2300,2300,2300,2300,2300,2300,2300,2300,2300,2300,2300,2300,2300,2300,2300,2300,90.84195709228516,1.6722640991210938,91.45970916748047,5.41448974609375,0.7342147827148438,0.6916427612304688,0.6914443969726563,0.6916427612304688,6.910850524902344,0.9225616455078125,5.535858154296875,4.395408630371094,93.90264129638672,0.7991409301757813,95.12388610839844,45.026405334472656,94.08201599121094,26.870437622070313,92.49642944335938,20.842849731445313,0,67043.08142089844,199715.7908935547,430.3101806640625,16788910080,13421772800,15449817088,5876916224
199,1766836258358,2300,2300,2300,2300,2300,2300,2300,2300,2300,2300,2300,2300,2300,2300,2300,2300,2300,2300,2300,2300,92.56729888916016,2.3729095458984375,92.50650787353516,6.442375183105469,0,0,0,0,8.594444274902344,0.05962371826171875,6.33251953125,2.1138687133789063,93.87659454345703,0,94.34230041503906,39.3293342590332,94.38957977294922,27.05987548828125,93.15000915527344,12.692062377929688,0,67049.86322021484,199721.42401123047,430.3101806640625,16788910080,13421772800,15454695424,5864349696
201,1766836258559,2300,2300,2300,2300,2300,2300,2300,2300,2300,2300,2300,2300,2300,2300,2300,2300,2300,2300,2300,2300,92.67385864257813,1.7286453247070313,93.44935607910156,7.2303466796875,0.32334136962890625,0.323089599609375,0.32283782958984375,0.32244110107421875,6.3404083251953125,0.5641632080078125,4.848785400390625,3.2122344970703125,94.47355651855469,1.8249359130859375,94.67591094970703,50.63490295410156,93.91577911376953,28.76734161376953,93.45684051513672,13.980308532714844,0,67057.208984375,199727.62725830078,430.3101806640625,16788910080,13421772800,15481241600,5884317696
200,1766836258760,2300,2300,2300,2300,2300,2300,2300,2300,2300,2300,2300,2300,2300,2300,2300,2300,2300,2300,2300,2300,92.58918762207031,14.496116638183594,92.49495697021484,24.327224731445313,3.0083236694335938,2.8356094360351563,10.881027221679688,0.219757080078125,12.637222290039063,3.0589065551757813,2.7731704711914063,21.55121612548828,94.6036605834961,8.763404846191406,94.85108184814453,60.234928131103516,93.6065673828125,41.52519607543945,92.46854400634766,32.33452606201172,0,67064.01849365234,199733.1801147461,430.311279296875,16788910080,13421772800,15469559808,5883162624
199,1766836258961,2300,2300,2300,2300,2300,2300,2300,2300,2300,2300,2300,2300,2300,2300,2300,2300,2300,2300,2300,2300,94.33026123046875,29.617897033691406,95.451904296875,35.24627685546875,12.886238098144531,9.167236328125,38.6368522644043,7.012542724609375,2.9350814819335938,2.3295440673828125,4.680351257324219,4.551322937011719,95.42020416259766,24.8096923828125,94.67902374267578,63.08656311035156,94.66177368164063,50.76499938964844,94.42591857910156,42.577247619628906,0,67070.88500976563,199738.7562866211,430.31243896484375,16788910080,13421772800,15485644800,5889859584
200,1766836259162,2300,2300,2300,2300,2300,2300,2300,2300,2300,2300,2300,2300,2300,2300,2300,2300,2300,2300,2300,2300,94.4110336303711,19.749771118164063,95.26078033447266,20.638351440429688,2.859771728515625,2.0857009887695313,0,0,5.930992126464844,2.3495101928710938,2.984527587890625,1.3190078735351563,96.20318603515625,5.37701416015625,96.39888000488281,58.91147994995117,95.8528823852539,37.97478485107422,93.54789733886719,22.345016479492188,0,67077.63452148438,199744.30572509766,430.31304931640625,16788910080,13421772800,15472988160,5876371456
200,1766836259362,2300,2300,2300,2300,2300,2300,2300,2300,2300,2300,2300,2300,2300,2300,2300,2300,2300,2300,2300,2300,91.28538513183594,7.11175537109375,91.8768539428711,19.658119201660156,3.2576751708984375,1.7790451049804688,0.446044921875,0.0533447265625,6.744178771972656,2.1672592163085938,1.486053466796875,2.1382980346679688,94.01849365234375,7.156074523925781,94.32704162597656,60.86358642578125,92.81814575195313,34.63971710205078,93.15845489501953,23.53643035888672,0,67085.91998291016,199751.43463134766,430.31304931640625,16788910080,13421772800,15472635904,5861781504
199,1766836259563,2300,2300,2300,2300,2300,2300,2300,2300,2300,2300,2300,2300,2300,2300,2300,2300,2300,2300,2300,2300,93.56108093261719,4.792022705078125,93.51863098144531,9.59344482421875,2.1425704956054688,2.9533920288085938,1.6255722045898438,1.1520843505859375,8.898200988769531,2.009429931640625,5.1835784912109375,3.0178756713867188,94.92717742919922,4.265113830566406,95.4373779296875,51.842350006103516,95.3017349243164,25.24536895751953,92.1886978149414,15.031120300292969,0,67093.38446044922,199757.72979736328,430.31304931640625,16788910080,13421772800,15474397184,5869240320
199,1766836259763,2300,2300,2300,2300,2300,2300,2300,2300,2300,2300,2300,2300,2300,2300,2300,2300,2300,2300,2300,2300,91.74652099609375,8.121917724609375,92.28706359863281,15.581253051757813,5.894721984863281,5.19525146484375,6.89617919921875,1.7085189819335938,22.218490600585938,6.90740966796875,8.629508972167969,6.102935791015625,96.43976593017578,3.1061630249023438,93.91364288330078,60.20488357543945,91.5270767211914,45.65778350830078,91.3358383178711,26.57366943359375,0,67100.82049560547,199763.95892333984,430.313720703125,16788910080,13421772800,15487139840,5876568064
199,1766836259963,2300,2300,2300,2300,2300,2300,2300,2300,2300,2300,2300,2300,2300,2300,2300,2300,2300,2300,2300,2300,93.20330047607422,13.330329895019531,94.12773132324219,23.91985321044922,14.06597900390625,15.496620178222656,11.860496520996094,5.970268249511719,21.957672119140625,15.313644409179688,19.75164031982422,24.38617706298828,95.40650939941406,6.823936462402344,94.90625,70.74052429199219,95.3576889038086,46.339866638183594,94.67979431152344,31.530372619628906,0,67108.59588623047,199770.39624023438,430.31427001953125,16788910080,13421772800,15493009408,5880594432
199,1766836260164,2300,2300,2300,2300,2300,2300,2300,2300,2300,2300,2300,2300,2300,2300,2300,2300,2300,2300,2300,2300,95.78329467773438,7.3038787841796875,95.99341583251953,11.600456237792969,5.824943542480469,3.911865234375,9.321418762207031,0,17.34942626953125,17.332481384277344,24.14899444580078,6.929420471191406,97.17562103271484,4.833671569824219,97.47185516357422,54.89724349975586,96.39936828613281,25.132720947265625,95.93553924560547,14.092308044433594,0,67114.5771484375,199774.99560546875,430.31427001953125,16788910080,13421772800,15481044992,5896355840
198,1766836260366,2300,2300,2300,2300,2300,2300,2300,2300,2300,2300,2300,2300,2300,2300,2300,2300,2300,2300,2300,2300,94.54741668701172,1.1060028076171875,94.77018737792969,2.16387939453125,0,0,0,0,8.406227111816406,2.1785049438476563,12.665763854980469,12.929115295410156,95.92755126953125,0,96.2294692993164,24.80516815185547,96.4815902709961,9.815055847167969,94.04661560058594,7.400726318359375,0,67120.7446899414,199779.84704589844,430.3150634765625,16788910080,13421772800,15480197120,5898932224
199,1766836260565,2300,2300,2300,2300,2300,2300,2300,2300,2300,2300,2300,2300,2300,2300,2300,2300,2300,2300,2300,2300,96.42686462402344,35.824440002441406,95.5089111328125,51.54916000366211,2.8223037719726563,2.1445236206054688,1.8926544189453125,0.45062255859375,9.673332214355469,10.874740600585938,7.088409423828125,11.299896240234375,97.6592025756836,24.86632537841797,97.13678741455078,80.18403625488281,97.18331909179688,66.1457748413086,97.62168884277344,51.63587951660156,0,67127.20239257813,199784.91455078125,430.3150634765625,16788910080,13421772800,15491211264,5910835200
199,1766836260765,2300,2300,2300,2300,2300,2300,2300,2300,2300,2300,2300,2300,2300,2300,2300,2300,2300,2300,2300,2300,97.02034759521484,35.649070739746094,96.55245208740234,40.437259674072266,13.959022521972656,16.147323608398438,5.068275451660156,1.1107101440429688,4.857383728027344,4.6141204833984375,3.4168701171875,3.208831787109375,97.6607666015625,37.99120330810547,97.96338653564453,76.12774658203125,97.30587768554688,59.67740249633789,95.91877746582031,50.042266845703125,0,67135.20123291016,199791.54443359375,430.3150634765625,16788910080,13421772800,15495888896,5911908352
199,1766836260965,2300,2300,2300,2300,2300,2300,2300,2300,2300,2300,2300,2300,2300,2300,2300,2300,2300,2300,2300,2300,96.2287826538086,32.19725036621094,96.80022430419922,43.36052322387695,8.316230773925781,12.397857666015625,4.765419006347656,0.5549240112304688,8.831626892089844,7.6237945556640625,11.134223937988281,11.923789978027344,97.46450805664063,27.83386993408203,97.47982788085938,80.64363098144531,96.64155578613281,66.24838256835938,96.2895736694336,54.3818473815918,0,67141.94635009766,199796.91400146484,430.3157958984375,16788910080,13421772800,15509815296,5929168896
200,1766836261165,2300,2300,2300,2300,2300,2300,2300,2300,2300,2300,2300,2300,2300,2300,2300,2300,2300,2300,2300,2300,94.94689178466797,19.52643585205078,94.26517486572266,34.7259521484375,7.523597717285156,13.563774108886719,9.438705444335938,0,6.342506408691406,6.865501403808594,6.4163970947265625,5.35784912109375,95.61083221435547,8.482009887695313,95.45442962646484,70.9591064453125,95.46687316894531,61.137939453125,94.49964904785156,42.07300567626953,0,67148.1314086914,199801.7677001953,430.31768798828125,16788910080,13421772800,15502168064,5919608832
198,1766836261367,2300,2300,2300,2300,2300,2300,2300,2300,2300,2300,2300,2300,2300,2300,2300,2300,2300,2300,2300,2300,92.91597747802734,40.743011474609375,93.25450897216797,48.57433319091797,15.21234130859375,18.08849334716797,11.594474792480469,11.13800048828125,12.353790283203125,23.428314208984375,16.333175659179688,10.103034973144531,94.67950439453125,35.721107482910156,96.9625473022461,76.69131469726563,93.56268310546875,62.095420837402344,92.79110717773438,50.69527053833008,0,67155.41387939453,199807.79077148438,430.31927490234375,16788910080,13421772800,15576719360,6687797248
200,1766836261566,2300,2300,2300,2300,2300,2300,2300,2300,2300,2300,2300,2300,2300,2300,2300,2300,2300,2300,2300,2300,97.04316711425781,74.96183776855469,98.2034683227539,86.77596282958984,5.7131195068359375,7.605873107910156,8.925285339355469,0.587615966796875,15.085273742675781,3.2227401733398438,8.107940673828125,11.196762084960938,98.13208770751953,71.87433624267578,98.48844909667969,93.56925201416016,98.02377319335938,90.04949188232422,97.99214935302734,87.85076904296875,0,67163.34265136719,199814.23858642578,430.3199462890625,16788910080,13421772800,15618031616,7066468352
203,1766836261768,2300,2300,2300,2300,2300,2300,2300,2300,2300,2300,2300,2300,2300,2300,2300,2300,2300,2300,2300,2300,99.15851593017578,96.77678680419922,99.38922119140625,97.69596862792969,6.0314483642578125,5.0579986572265625,2.894561767578125,1.4399490356445313,6.5143585205078125,4.712287902832031,15.618751525878906,2.924285888671875,99.55878448486328,98.1040267944336,99.5775375366211,99.5859146118164,99.3782958984375,98.17498779296875,99.38861846923828,96.77853393554688,0,67173.42041015625,199822.95275878906,430.3199462890625,16788910080,13421772800,15649968128,7087853568
199,1766836261972,2300,2300,2300,2300,2300,2300,2300,2300,2300,2300,2300,2300,2300,2300,2300,2300,2300,2300,2300,2300,98.8401870727539,94.09869384765625,99.38699340820313,96.03260040283203,0,0,0,1.6765899658203125,0,12.786796569824219,50.067543029785156,0,99.20551300048828,93.05390167236328,99.3003921508789,97.41380310058594,99.08080291748047,95.8900146484375,99.22260284423828,95.89469146728516,0,67184.06158447266,199832.08569335938,430.3203125,16788910080,13421772800,15681105920,7107432448
200,1766836262172,2300,2300,2300,2300,2300,2300,2300,2300,2300,2300,2300,2300,2300,2300,2300,2300,2300,2300,2300,2300,99.93568420410156,99.6905288696289,100,99.94290924072266,78.86284637451172,80.27293395996094,81.74639892578125,77.96092224121094,82.35324096679688,86.26359558105469,90.72428131103516,100,99.92710876464844,99.86749267578125,99.95923614501953,99.9813232421875,99.905029296875,99.87571716308594,99.80142211914063,99.96405792236328,0,67191.27770996094,199838.15911865234,430.3203125,16788910080,13421772800,15713193984,7128993792
248,1766836262372,2300,2300,2300,2300,2300,2300,2300,2300,2300,2300,2300,2300,2300,2300,2300,2300,2300,2300,2300,2300,99.62898254394531,98.91909790039063,99.82928466796875,99.59249877929688,13.413917541503906,7.415885925292969,7.3825225830078125,68.91044616699219,19.57233428955078,3.6024246215820313,18.21253204345703,93.6462173461914,99.65689849853516,99.19734954833984,99.83240509033203,99.83104705810547,99.80746459960938,98.71739196777344,99.7595443725586,98.92650604248047,0,67199.1255493164,199844.6004638672,430.3211669921875,16788910080,13421772800,15701008384,7106244608
281,1766836262622,2300,2300,2300,2300,2300,2300,2300,2300,2300,2300,2300,2300,2300,2300,2300,2300,2300,2300,2300,2300,99.854248046875,99.40470886230469,99.924072265625,99.19062805175781,89.80606079101563,0,0,100,0,0,0,0,99.8353271484375,99.40467071533203,99.85655212402344,99.89064025878906,99.86140441894531,99.48528289794922,99.81175994873047,99.47332000732422,0,67220.14782714844,199862.23461914063,430.32171630859375,16788910080,13421772800,15737884672,7134027776
200,1766836262903,2300,2300,2300,2300,2300,2300,2300,2300,2300,2300,2300,2300,2300,2300,2300,2300,2300,2300,2300,2300,100,100,100,100,59.21532440185547,52.26940155029297,100,100,36.027496337890625,100,36.240909576416016,36.24339294433594,100,100,100,100,100,100,100,100,0,67220.16772460938,199862.23461914063,430.32171630859375,16788910080,13421772800,15775211520,7172022272
199,1766836263104,2300,2300,2300,2300,2300,2300,2300,2300,2300,2300,2300,2300,2300,2300,2300,2300,2300,2300,2300,2300,100,100,100,100,86.60237121582031,68.2605972290039,92.69326782226563,93.85765075683594,65.97711181640625,96.8264389038086,59.889198303222656,55.5228157043457,100,100,100,100,100,100,100,100,0,67227.98486328125,199868.5961303711,430.330078125,16788910080,13421772800,15779704832,7168065536
200,1766836263304,2300,2300,2300,2300,2300,2300,2300,2300,2300,2300,2300,2300,2300,2300,2300,2300,2300,2300,2300,2300,99.70512390136719,99.62442016601563,99.84292602539063,99.8816909790039,63.79925537109375,57.48826217651367,76.4781723022461,57.76445770263672,100,93.3628921508789,76.12924194335938,83.06263732910156,99.87860870361328,99.76817321777344,99.94054412841797,99.92625427246094,99.75262451171875,99.93852233886719,99.8173828125,99.8279800415039,0,67235.65466308594,199875.17486572266,430.330078125,16788910080,13421772800,15408619520,6750650368
200,1766836263504,2300,2300,2300,2300,2300,2300,2300,2300,2300,2300,2300,2300,2300,2300,2300,2300,2300,2300,2300,2300,99.39523315429688,97.7838134765625,99.7806625366211,99.4441146850586,21.629310607910156,78.78981018066406,42.78921890258789,12.125518798828125,68.332763671875,58.21727752685547,39.3580322265625,59.2150993347168,99.43839263916016,98.13836669921875,99.76512145996094,99.67864227294922,99.74140930175781,99.60394287109375,99.67753601074219,99.29671478271484,0,67244.17761230469,199881.95794677734,430.333251953125,16788910080,13421772800,15406555136,6755790848
199,1766836263705,2300,2300,2300,2300,2300,2300,2300,2300,2300,2300,2300,2300,2300,2300,2300,2300,2300,2300,2300,2300,96.93299865722656,77.37437438964844,98.1380844116211,93.19994354248047,61.38519287109375,55.745418548583984,98.21180725097656,32.659584045410156,36.13216781616211,11.99359130859375,3.1262054443359375,4.438629150390625,98.4333267211914,68.86573028564453,98.15768432617188,98.89273834228516,98.3128662109375,96.0521011352539,97.03680419921875,92.8178482055664,0,67253.20471191406,199889.87786865234,430.333251953125,16788910080,13421772800,15412703232,6764470272
199,1766836263905,2300,2300,2300,2300,2300,2300,2300,2300,2300,2300,2300,2300,2300,2300,2300,2300,2300,2300,2300,2300,96.75731658935547,87.15655517578125,98.02854919433594,92.57298278808594,57.8803825378418,73.41682434082031,71.23468017578125,38.01276779174805,11.166976928710938,7.328651428222656,10.77178955078125,6.626152038574219,97.68099975585938,90.84152221679688,98.99122619628906,99.57125091552734,98.2398452758789,97.93053436279297,97.29735565185547,95.66619110107422,0,67261.49285888672,199896.62915039063,430.334716796875,16788910080,13421772800,15415132160,6748352512
199,1766836264106,2300,2300,2300,2300,2300,2300,2300,2300,2300,2300,2300,2300,2300,2300,2300,2300,2300,2300,2300,2300,97.8646011352539,92.47481536865234,99.45819854736328,97.42906188964844,50.137535095214844,47.563232421875,87.82605743408203,89.6083755493164,5.6177215576171875,13.99456787109375,2.2347793579101563,14.87860107421875,99.38159942626953,91.94384765625,98.20191192626953,99.68753814697266,99.77046203613281,98.63213348388672,99.45974731445313,98.21988677978516,0,67268.93353271484,199902.5167236328,430.3353271484375,16788910080,13421772800,15438610432,6762795008
200,1766836264306,2300,2300,2300,2300,2300,2300,2300,2300,2300,2300,2300,2300,2300,2300,2300,2300,2300,2300,2300,2300,99.80611419677734,99.11963653564453,99.5843505859375,98.65911102294922,34.017967224121094,61.806522369384766,87.83303833007813,48.14412307739258,4.687873840332031,3.3882827758789063,8.292427062988281,12.751480102539063,99.97932434082031,96.01580047607422,99.95951080322266,99.93021392822266,99.66014099121094,99.75765991210938,99.722412109375,99.74127197265625,0,67275.7543334961,199907.9415283203,430.3353271484375,16788910080,13421772800,15510556672,6770982912
199,1766836264506,2300,2300,2300,2300,2300,2300,2300,2300,2300,2300,2300,2300,2300,2300,2300,2300,2300,2300,2300,2300,99.81832122802734,99.58694458007813,99.9501953125,98.18307495117188,9.648033142089844,99.95159912109375,15.76641845703125,93.56571197509766,3.9455032348632813,1.3452224731445313,0.777313232421875,0.9483489990234375,99.97357177734375,99.25056457519531,99.96063995361328,99.99200439453125,99.8893051147461,99.92891693115234,99.84719848632813,98.97611999511719,0,67282.93676757813,199913.7875366211,430.33648681640625,16788910080,13421772800,15569948672,6801760256
199,1766836264706,2300,2300,2300,2300,2300,2300,2300,2300,2300,2300,2300,2300,2300,2300,2300,2300,2300,2300,2300,2300,99.76748657226563,97.48603820800781,99.6539306640625,98.37876892089844,8.078605651855469,25.641677856445313,13.239845275878906,28.07469940185547,43.385066986083984,30.028892517089844,70.6949691772461,61.01303482055664,99.75196075439453,96.31102752685547,99.66966247558594,99.78866577148438,99.50567626953125,99.30307006835938,99.57667541503906,99.26600646972656,0,67290.99914550781,199920.48376464844,430.33648681640625,16788910080,13421772800,15669075968,6902001664
200,1766836264907,2300,2300,2300,2300,2300,2300,2300,2300,2300,2300,2300,2300,2300,2300,2300,2300,2300,2300,2300,2300,100,100,100,100,10.744636535644531,9.351295471191406,5.4591217041015625,7.248497009277344,52.801719665527344,8.955268859863281,10.557762145996094,43.675148010253906,100,100,100,100,100,99.96015930175781,100,100,0,67297.97692871094,199926.18994140625,430.33782958984375,16788910080,13421772800,15704502272,6907293696
200,1766836265107,2300,2300,2300,2300,2300,2300,2300,2300,2300,2300,2300,2300,2300,2300,2300,2300,2300,2300,2300,2300,100,100,100,99.9836196899414,25.079627990722656,33.48652648925781,13.15191650390625,9.606452941894531,0.9359283447265625,0.111175537109375,1.7549896240234375,1.4132461547851563,100,100,100,100,100,100,100,100,0,67304.72644042969,199931.6417236328,430.3387451171875,16788910080,13421772800,15694229504,6885535744
200,1766836265307,2300,2300,2300,2300,2300,2300,2300,2300,2300,2300,2300,2300,2300,2300,2300,2300,2300,2300,2300,2300,100,100,100,99.98937225341797,5.1611328125,5.522430419921875,5.81439208984375,1.3138504028320313,0.7857666015625,0.7150955200195313,1.0680999755859375,2.3539047241210938,100,100,100,100,100,100,100,100,0,67311.3832397461,199937.0228881836,430.3387451171875,16788910080,13421772800,15709405184,6879657984
199,1766836265508,2300,2300,2300,2300,2300,2300,2300,2300,2300,2300,2300,2300,2300,2300,2300,2300,2300,2300,2300,2300,100,100,100,100,2.696044921875,1.6566696166992188,4.465576171875,0,0.2228546142578125,0,0,0,100,100,100,100,100,99.9736328125,100,99.96144104003906,0,67317.4019165039,199941.7523803711,430.3387451171875,16788910080,13421772800,15749115904,6893486080
200,1766836265708,2300,2300,2300,2300,2300,2300,2300,2300,2300,2300,2300,2300,2300,2300,2300,2300,2300,2300,2300,2300,100,100,100,100,6.234443664550781,23.845970153808594,5.4015655517578125,1.7146530151367188,0,0,0.25927734375,0.02777862548828125,100,100,100,100,100,99.97227478027344,100,100,0,67323.73083496094,199946.79888916016,430.3394775390625,16788910080,13421772800,15768715264,6881779712
200,1766836265908,2300,2300,2300,2300,2300,2300,2300,2300,2300,2300,2300,2300,2300,2300,2300,2300,2300,2300,2300,2300,99.7244873046875,96.65851593017578,99.81258392333984,97.4817886352539,12.437759399414063,17.38347625732422,7.849822998046875,4.5180511474609375,3.29302978515625,0.36783599853515625,1.069854736328125,0.5265731811523438,99.86204528808594,96.68975830078125,99.77655792236328,99.20475006103516,99.69233703613281,97.94939422607422,99.81273651123047,98.09021759033203,0,67331.72937011719,199953.42236328125,430.3408203125,16788910080,13421772800,15736320000,6845091840
200,1766836266109,2300,2300,2300,2300,2300,2300,2300,2300,2300,2300,2300,2300,2300,2300,2300,2300,2300,2300,2300,2300,99.49210357666016,91.81784057617188,99.45953369140625,95.60370635986328,2.5262680053710938,4.358551025390625,4.6415557861328125,7.91546630859375,1.8614425659179688,4.5673828125,15.792289733886719,2.3606033325195313,99.62324523925781,89.63158416748047,99.5213623046875,96.71073150634766,99.50209045410156,96.82230377197266,99.3752670288086,96.04334259033203,0,67340.13806152344,199960.60717773438,430.34210205078125,16788910080,13421772800,15775293440,6863601664
200,1766836266310,2300,2300,2300,2300,2300,2300,2300,2300,2300,2300,2300,2300,2300,2300,2300,2300,2300,2300,2300,2300,96.35905456542969,27.175086975097656,97.656005859375,48.74824905395508,3.4484710693359375,5.5725860595703125,2.2738571166992188,0.1202545166015625,2.6801376342773438,3.286376953125,1.8600540161132813,1.4419631958007813,98.63574981689453,27.35730743408203,98.17008209228516,81.31858825683594,97.13958740234375,67.59465026855469,96.46086883544922,56.59100341796875,0,67346.69989013672,199966.2758178711,430.34210205078125,16788910080,13421772800,15793606656,6875316224
199,1766836266511,2300,2300,2300,2300,2300,2300,2300,2300,2300,2300,2300,2300,2300,2300,2300,2300,2300,2300,2300,2300,98.820068359375,88.32646942138672,99.47882843017578,94.74374389648438,4.374351501464844,21.25048828125,1.6173629760742188,0.03432464599609375,0.981597900390625,0,0,0,99.56503295898438,89.08618927001953,99.34783172607422,98.14590454101563,99.52190399169922,95.86846923828125,99.16645812988281,93.11399841308594,0,67355.44537353516,199973.46954345703,430.34210205078125,16788910080,13421772800,15659003904,6720868352
199,1766836266711,2300,2300,2300,2300,2300,2300,2300,2300,2300,2300,2300,2300,2300,2300,2300,2300,2300,2300,2300,2300,96.58965301513672,69.10552978515625,96.3230209350586,73.72760772705078,5.653633117675781,38.448158264160156,5.443367004394531,4.138847351074219,7.096931457519531,4.243492126464844,4.255958557128906,3.6699752807617188,97.37553405761719,74.37005615234375,97.89892578125,90.18182373046875,97.43087005615234,83.83407592773438,96.7732925415039,78.0511703491211,0,67363.220703125,199980.11657714844,430.34307861328125,16788910080,13421772800,15638450176,6675308544
199,1766836266911,2300,2300,2300,2300,2300,2300,2300,2300,2300,2300,2300,2300,2300,2300,2300,2300,2300,2300,2300,2300,95.7537612915039,78.37610626220703,97.43824005126953,80.41911315917969,1.7245407104492188,4.290946960449219,1.207763671875,0,2.256195068359375,0,0,0,97.201171875,80.06251525878906,98.45072174072266,90.2742919921875,97.86540985107422,87.13800048828125,97.83692169189453,84.04156494140625,0,67372.24340820313,199987.8533935547,430.3436279296875,16788910080,13421772800,15672852480,6689021952
201,1766836267111,2300,2300,2300,2300,2300,2300,2300,2300,2300,2300,2300,2300,2300,2300,2300,2300,2300,2300,2300,2300,99.17892456054688,95.230712890625,99.54586029052734,98.32977294921875,6.943916320800781,7.179695129394531,10.31427001953125,2.0390548706054688,1.9864883422851563,1.5716934204101563,0.5271682739257813,0.5800018310546875,99.718994140625,98.31392669677734,99.68888092041016,96.76374053955078,99.57718658447266,96.76227569580078,99.80414581298828,96.07996368408203,0,67380.3618774414,199994.76147460938,430.34466552734375,16788910080,13421772800,15713644544,6696914944
198,1766836267314,2300,2300,2300,2300,2300,2300,2300,2300,2300,2300,2300,2300,2300,2300,2300,2300,2300,2300,2300,2300,99.03417205810547,93.24327850341797,98.49655151367188,96.41032409667969,0.784271240234375,3.390533447265625,3.57012939453125,0,0.324127197265625,0,0,0,99.05224609375,94.40790557861328,98.33639526367188,96.26094818115234,98.62178802490234,96.1298828125,99.19580078125,96.75439453125,0,67388.24005126953,200001.3335571289,430.34466552734375,16788910080,13421772800,15758426112,6727143424
200,1766836267514,2300,2300,2300,2300,2300,2300,2300,2300,2300,2300,2300,2300,2300,2300,2300,2300,2300,2300,2300,2300,98.42009735107422,76.98863220214844,98.83407592773438,88.63601684570313,3.4022369384765625,5.167327880859375,4.4803619384765625,0.8179550170898438,2.9483261108398438,0.8741226196289063,0.8237228393554688,0.7795639038085938,99.31163787841797,86.70567321777344,99.63172912597656,93.6662826538086,99.00690460205078,93.04444122314453,98.94944763183594,83.06826782226563,0,67395.12530517578,200007.02978515625,430.34466552734375,16788910080,13421772800,15774461952,6735904768
200,1766836267714,2300,2300,2300,2300,2300,2300,2300,2300,2300,2300,2300,2300,2300,2300,2300,2300,2300,2300,2300,2300,99.54942321777344,97.91675567626953,99.46797943115234,96.00535583496094,5.425758361816406,5.684478759765625,6.133094787597656,1.2106475830078125,5.417564392089844,1.284454345703125,2.5340728759765625,1.5148696899414063,99.89276123046875,98.16004180908203,99.90980529785156,99.25707244873047,99.59040069580078,95.3269271850586,99.58723449707031,94.87187957763672,0,67401.9976196289,200012.66729736328,430.345947265625,16788910080,13421772800,15785836544,6735360000
199,1766836267916,2300,2300,2300,2300,2300,2300,2300,2300,2300,2300,2300,2300,2300,2300,2300,2300,2300,2300,2300,2300,99.44290924072266,97.82259368896484,99.51222229003906,98.28802490234375,11.494461059570313,10.35919189453125,18.95379638671875,36.8470344543457,6.004081726074219,0.1071014404296875,0.0287017822265625,0,99.66962432861328,99.08055114746094,99.71058654785156,99.77147674560547,99.77071380615234,99.08165740966797,99.8014907836914,97.20481872558594,0,67410.14111328125,200019.55682373047,430.34735107421875,16788910080,13421772800,15760269312,6714871808
200,1766836268116,2300,2300,2300,2300,2300,2300,2300,2300,2300,2300,2300,2300,2300,2300,2300,2300,2300,2300,2300,2300,98.30604553222656,90.32884216308594,98.32164764404297,95.57889556884766,4.8530731201171875,10.404670715332031,5.153053283691406,32.129066467285156,10.320755004882813,33.8245849609375,41.28746032714844,28.774986267089844,98.72039794921875,88.9554214477539,99.5174331665039,97.60620880126953,98.6253662109375,94.00870513916016,99.21346282958984,93.30497741699219,0,67418.1552734375,200026.31036376953,430.34735107421875,16788910080,13421772800,15766278144,6716669952
203,1766836268317,2300,2300,2300,2300,2300,2300,2300,2300,2300,2300,2300,2300,2300,2300,2300,2300,2300,2300,2300,2300,98.66521453857422,93.86138153076172,99.26416778564453,95.9893798828125,3.3529586791992188,2.9804229736328125,2.8199310302734375,1.4729995727539063,13.002899169921875,97.78716278076172,6.448738098144531,1.5362091064453125,99.29261016845703,93.73372650146484,99.47038269042969,98.67306518554688,99.15612030029297,96.26690673828125,99.18396759033203,96.61751556396484,0,67426.52185058594,200033.38525390625,430.3482666015625,16788910080,13421772800,15767166976,6715183104
209,1766836268523,2300,2300,2300,2300,2300,2300,2300,2300,2300,2300,2300,2300,2300,2300,2300,2300,2300,2300,2300,2300,99.8727798461914,99.10202026367188,99.85277557373047,99.66639709472656,1.826629638671875,2.6042861938476563,2.64910888671875,0,0,26.080612182617188,74.18258666992188,0,99.9359359741211,99.178466796875,99.88021087646484,99.88878631591797,99.84581756591797,98.47482299804688,99.77665710449219,98.8494873046875,0,67435.50402832031,200040.8682861328,430.3482666015625,16788910080,13421772800,15807631360,6755086336
199,1766836268733,2300,2300,2300,2300,2300,2300,2300,2300,2300,2300,2300,2300,2300,2300,2300,2300,2300,2300,2300,2300,99.97695922851563,99.86148834228516,99.95033264160156,99.67295837402344,19.39447784423828,31.967041015625,18.785049438476563,51.589622497558594,37.990055084228516,52.24017333984375,34.30840301513672,45.419952392578125,99.96865844726563,99.60204315185547,99.9620590209961,99.97566223144531,99.94462585449219,99.95972442626953,99.9332046508789,99.84857177734375,0,67442.8413696289,200046.90838623047,430.3497314453125,16788910080,13421772800,15856070656,6813184000
201,1766836268935,2300,2300,2300,2300,2300,2300,2300,2300,2300,2300,2300,2300,2300,2300,2300,2300,2300,2300,2300,2300,99.8410873413086,98.828857421875,99.91691589355469,99.79026794433594,0.5558395385742188,1.7282791137695313,0.8326492309570313,0,7.063484191894531,9.419029235839844,0.8244094848632813,97.65719604492188,99.7074966430664,99.20335388183594,99.76903533935547,99.70257568359375,99.8050308227539,99.80316925048828,99.71024322509766,99.0447998046875,0,67449.15893554688,200052.23931884766,430.3507080078125,16788910080,13421772800,15871049728,6828900352
199,1766836269137,2300,2300,2300,2300,2300,2300,2300,2300,2300,2300,2300,2300,2300,2300,2300,2300,2300,2300,2300,2300,99.84138488769531,98.64225006103516,99.98089599609375,100,2.1936264038085938,1.788726806640625,2.2768173217773438,46.46384811401367,0,0,0,52.14805221557617,99.88028717041016,99.90081787109375,99.98453521728516,99.8182144165039,99.97608947753906,99.08140563964844,99.9898681640625,100,0,67455.91943359375,200057.52618408203,430.3507080078125,16788910080,13421772800,15883087872,6841790464
206,1766836269340,2300,2300,2300,2300,2300,2300,2300,2300,2300,2300,2300,2300,2300,2300,2300,2300,2300,2300,2300,2300,99.645751953125,97.32003021240234,99.9647445678711,98.85258483886719,28.589027404785156,0,0,78.36140441894531,0,0,0,0,99.8891830444336,98.19572448730469,99.88577270507813,99.84781646728516,99.86894989013672,99.57494354248047,99.8277816772461,99.34403991699219,0,67464.97705078125,200064.91925048828,430.351318359375,16788910080,13421772800,15849975808,6803152896
235,1766836269552,2300,2300,2300,2300,2300,2300,2300,2300,2300,2300,2300,2300,2300,2300,2300,2300,2300,2300,2300,2300,99.95491790771484,99.57494354248047,99.99183654785156,99.93852996826172,0,0,0,34.35137176513672,0,0,0,0,99.99188995361328,99.88932037353516,100,99.95256042480469,99.99205017089844,99.8597640991211,99.96029663085938,99.7878189086914,0,67482.51123046875,200079.9522705078,430.3519287109375,16788910080,13421772800,15882969088,6826696704
202,1766836269787,2300,2300,2300,2300,2300,2300,2300,2300,2300,2300,2300,2300,2300,2300,2300,2300,2300,2300,2300,2300,100,100,100,100,8.323997497558594,8.325889587402344,8.323997497558594,8.310699462890625,12.446098327636719,7.841499328613281,7.847198486328125,100,100,100,100,100,100,100,100,100,0,67483.0146484375,200080.42266845703,430.3519287109375,16788910080,13421772800,15922401280,6877122560
199,1766836269990,2300,2300,2300,2300,2300,2300,2300,2300,2300,2300,2300,2300,2300,2300,2300,2300,2300,2300,2300,2300,100,100,100,100,36.627288818359375,1.6117019653320313,0.23392486572265625,34.64991760253906,0,0,0,23.436691284179688,100,100,100,100,100,100,100,100,0,67490.85266113281,200086.8690185547,430.36126708984375,16788910080,13421772800,15933104128,6868770816
200,1766836270190,2300,2300,2300,2300,2300,2300,2300,2300,2300,2300,2300,2300,2300,2300,2300,2300,2300,2300,2300,2300,99.96194458007813,99.07157897949219,99.99394226074219,99.86437225341797,91.7226333618164,9.935707092285156,20.0849609375,33.58448791503906,3.1500167846679688,0.35390472412109375,2.6168975830078125,2.44964599609375,99.98602294921875,99.53826141357422,99.97018432617188,99.98501586914063,100,99.83502960205078,99.99170684814453,99.92442321777344,0,67498.08984375,200092.89190673828,430.36126708984375,16788910080,13421772800,15923040256,6848954368
200,1766836270391,2300,2300,2300,2300,2300,2300,2300,2300,2300,2300,2300,2300,2300,2300,2300,2300,2300,2300,2300,2300,99.83541870117188,99.77696990966797,99.95985412597656,99.80195617675781,4.077507019042969,5.704856872558594,58.095516204833984,3.8527297973632813,2.6232147216796875,0.391448974609375,1.1619873046875,0.48810577392578125,99.93895721435547,99.5548324584961,99.9730224609375,99.87995910644531,99.96080017089844,99.8403549194336,99.955810546875,99.76689147949219,0,67504.87060546875,200098.39739990234,430.36212158203125,16788910080,13421772800,15932219392,6864543744
200,1766836270591,2300,2300,2300,2300,2300,2300,2300,2300,2300,2300,2300,2300,2300,2300,2300,2300,2300,2300,2300,2300,99.9809799194336,100,100,100,0.822174072265625,1.5634994506835938,0.6927947998046875,0.43889617919921875,3.3699111938476563,0.5758056640625,0.6718673706054688,1.2706527709960938,99.98243713378906,100,100,99.98123168945313,100,100,100,100,0,67511.57556152344,200103.85577392578,430.36212158203125,16788910080,13421772800,15953297408,6873059328
199,1766836270792,2300,2300,2300,2300,2300,2300,2300,2300,2300,2300,2300,2300,2300,2300,2300,2300,2300,2300,2300,2300,99.92833709716797,99.40834045410156,99.9375,99.90516662597656,4.4442138671875,2.490386962890625,4.991539001464844,0.976287841796875,4.357292175292969,2.530426025390625,0.66131591796875,0.80999755859375,99.90766906738281,99.57028198242188,99.91036987304688,99.77680969238281,99.89866638183594,99.80438232421875,99.87724304199219,99.57278442382813,0,67519.04223632813,200110.09155273438,430.36212158203125,16788910080,13421772800,15974682624,6872936448
199,1766836270992,2300,2300,2300,2300,2300,2300,2300,2300,2300,2300,2300,2300,2300,2300,2300,2300,2300,2300,2300,2300,99.96139526367188,99.8519287109375,100,99.94901275634766,4.0598297119140625,3.2863006591796875,4.0252227783203125,0.7734832763671875,4.11102294921875,0.8639755249023438,0.71295166015625,0.477783203125,99.97477722167969,99.69141387939453,99.98497009277344,99.98091888427734,100,99.82980346679688,100,99.75074768066406,0,67526.88037109375,200116.63861083984,430.363525390625,16788910080,13421772800,15983394816,6882082816
200,1766836271192,2300,2300,2300,2300,2300,2300,2300,2300,2300,2300,2300,2300,2300,2300,2300,2300,2300,2300,2300,2300,99.9649887084961,99.93412780761719,100,99.93392944335938,4.150032043457031,4.765525817871094,3.0634765625,1.0810546875,1.0940399169921875,0.467559814453125,4.166160583496094,0.594268798828125,99.962890625,99.93537139892578,99.9935073852539,99.9155502319336,99.9923095703125,99.98442077636719,99.99290466308594,100,0,67532.71514892578,200121.21411132813,430.363525390625,16788910080,13421772800,16002072576,6892285952
200,1766836271393,2300,2300,2300,2300,2300,2300,2300,2300,2300,2300,2300,2300,2300,2300,2300,2300,2300,2300,2300,2300,99.94283294677734,99.96227264404297,100,99.93155670166016,5.166656494140625,12.46624755859375,8.800636291503906,3.8146438598632813,3.7880477905273438,0,0,0,99.9719467163086,99.66557312011719,99.97698211669922,99.86839294433594,99.94621276855469,99.92908477783203,99.95481872558594,99.97657775878906,0,67540.25305175781,200127.51947021484,430.3641357421875,16788910080,13421772800,16004587520,6864371712
199,1766836271593,2300,2300,2300,2300,2300,2300,2300,2300,2300,2300,2300,2300,2300,2300,2300,2300,2300,2300,2300,2300,99.98418426513672,99.96247863769531,100,100,7.550178527832031,8.020347595214844,3.9226455688476563,1.4448318481445313,8.963630676269531,0.37677001953125,0.00084686279296875,0.35701751708984375,100,100,100,100,100,99.9436264038086,99.9817886352539,100,0,67547.47967529297,200133.822265625,430.3641357421875,16788910080,13421772800,15992582144,6861848576
200,1766836271794,2300,2300,2300,2300,2300,2300,2300,2300,2300,2300,2300,2300,2300,2300,2300,2300,2300,2300,2300,2300,99.94940185546875,99.94345092773438,100,99.48794555664063,8.708045959472656,9.720901489257813,5.978355407714844,4.2436065673828125,7.836433410644531,0.8837661743164063,1.6479339599609375,1.2326889038085938,99.96892547607422,99.891845703125,99.9914779663086,99.97614288330078,99.97669219970703,99.9847183227539,100,99.24556732177734,0,67555.15100097656,200139.8637084961,430.3641357421875,16788910080,13421772800,16001925120,6860337152
199,1766836271994,2300,2300,2300,2300,2300,2300,2300,2300,2300,2300,2300,2300,2300,2300,2300,2300,2300,2300,2300,2300,100,98.86751556396484,99.90896606445313,98.30097198486328,5.016632080078125,5.541404724121094,5.293586730957031,0.4888458251953125,7.823661804199219,0.4842529296875,0,0,99.9483871459961,97.8061294555664,99.90157318115234,99.93854522705078,99.9378433227539,98.6929931640625,99.89937591552734,99.97077178955078,0,67562.82489013672,200146.2576904297,430.36529541015625,16788910080,13421772800,15999844352,6862897152
199,1766836272194,2300,2300,2300,2300,2300,2300,2300,2300,2300,2300,2300,2300,2300,2300,2300,2300,2300,2300,2300,2300,100,98.67733764648438,99.75113677978516,98.95016479492188,8.670440673828125,8.163040161132813,6.6835479736328125,3.2454833984375,10.311210632324219,4.039802551269531,1.8272476196289063,3.0897903442382813,99.87406158447266,99.06509399414063,99.87672424316406,99.78632354736328,99.77408599853516,99.71851348876953,99.8067626953125,99.40025329589844,0,67568.87951660156,200151.0982055664,430.36529541015625,16788910080,13421772800,15983796224,6833741824
199,1766836272394,2300,2300,2300,2300,2300,2300,2300,2300,2300,2300,2300,2300,2300,2300,2300,2300,2300,2300,2300,2300,99.5971908569336,97.02239990234375,99.82279205322266,97.06805419921875,5.886665344238281,5.710212707519531,4.2945556640625,25.845413208007813,5.1059722900390625,1.59625244140625,2.2841033935546875,0.5763702392578125,99.71096801757813,99.13604736328125,99.89816284179688,99.5492935180664,99.72505187988281,96.07618713378906,99.73883819580078,98.17974090576172,0,67576.32434082031,200157.33660888672,430.3662109375,16788910080,13421772800,16009596928,6873501696
199,1766836272595,2300,2300,2300,2300,2300,2300,2300,2300,2300,2300,2300,2300,2300,2300,2300,2300,2300,2300,2300,2300,98.95365905761719,95.63834381103516,99.84330749511719,96.5330810546875,4.0876922607421875,5.0770111083984375,1.7239837646484375,1.2436676025390625,8.232818603515625,0,1.351104736328125,0,99.89765167236328,98.29940795898438,99.71031188964844,99.42752075195313,99.82460021972656,97.86013793945313,99.73677825927734,96.19937133789063,0,67582.65466308594,200162.32299804688,430.3662109375,16788910080,13421772800,16028614656,6900805632
200,1766836272795,2300,2300,2300,2300,2300,2300,2300,2300,2300,2300,2300,2300,2300,2300,2300,2300,2300,2300,2300,2300,99.01224517822266,94.32377624511719,99.8565444946289,98.36114501953125,8.397354125976563,9.350051879882813,4.239234924316406,3.8573379516601563,9.375724792480469,1.6241302490234375,3.224395751953125,1.4799652099609375,99.8550796508789,96.9091796875,99.89619445800781,99.91182708740234,99.72393035888672,98.90778350830078,99.7520751953125,97.98651123046875,0,67590.12664794922,200168.5606689453,430.3662109375,16788910080,13421772800,16017338368,6871699456
199,1766836272995,2300,2300,2300,2300,2300,2300,2300,2300,2300,2300,2300,2300,2300,2300,2300,2300,2300,2300,2300,2300,99.6906967163086,98.662841796875,99.920166015625,97.73577117919922,7.518104553222656,6.276191711425781,6.801307678222656,1.656982421875,6.0598297119140625,0.6854324340820313,1.1290206909179688,0.349395751953125,99.88835144042969,98.50532531738281,99.91473388671875,99.7698745727539,99.82353210449219,98.5580825805664,99.7283935546875,97.67030334472656,0,67597.49969482422,200174.94122314453,430.367919921875,16788910080,13421772800,16024592384,6879772672
201,1766836273196,2300,2300,2300,2300,2300,2300,2300,2300,2300,2300,2300,2300,2300,2300,2300,2300,2300,2300,2300,2300,99.93282318115234,99.91389465332031,99.97782135009766,99.79472351074219,4.119590759277344,6.9735107421875,4.698158264160156,0.8832855224609375,5.24176025390625,0,1.3362884521484375,0,100,99.89891052246094,99.95684814453125,99.92782592773438,99.95545196533203,99.8089599609375,100,100,0,67605.27337646484,200180.8546142578,430.367919921875,16788910080,13421772800,16028073984,6874701824
203,1766836273397,2300,2300,2300,2300,2300,2300,2300,2300,2300,2300,2300,2300,2300,2300,2300,2300,2300,2300,2300,2300,99.84310150146484,99.69778442382813,99.97093963623047,99.824462890625,24.172035217285156,24.41138458251953,24.255088806152344,22.75298309326172,27.607460021972656,23.66118621826172,24.033065795898438,22.532264709472656,99.97576904296875,99.2011489868164,99.92932891845703,99.63819885253906,99.96232604980469,99.46784973144531,99.94922637939453,99.07638549804688,0,67611.16271972656,200185.67999267578,430.367919921875,16788910080,13421772800,16065372160,6921605120
204,1766836273601,2300,2300,2300,2300,2300,2300,2300,2300,2300,2300,2300,2300,2300,2300,2300,2300,2300,2300,2300,2300,99.99313354492188,99.96015167236328,99.97696685791016,100,7.7877349853515625,9.821609497070313,7.941162109375,7.034515380859375,10.261573791503906,5.8195343017578125,6.291786193847656,6.200897216796875,99.94035339355469,99.98229217529297,99.98383331298828,99.94428253173828,100,99.9659194946289,99.97090148925781,99.97781372070313,0,67618.16973876953,200191.40576171875,430.36920166015625,16788910080,13421772800,16088870912,6938001408
200,1766836273806,2300,2300,2300,2300,2300,2300,2300,2300,2300,2300,2300,2300,2300,2300,2300,2300,2300,2300,2300,2300,100,99.88639068603516,100,99.97240447998047,1.4654617309570313,0,0,0,0,0,0,0,100,100,100,100,100,99.98368835449219,100,99.98409271240234,0,67626.06384277344,200197.91284179688,430.36920166015625,16788910080,13421772800,16083689472,6924660736
198,1766836274010,2300,2300,2300,2300,2300,2300,2300,2300,2300,2300,2300,2300,2300,2300,2300,2300,2300,2300,2300,2300,99.87102508544922,99.15926361083984,99.91899871826172,99.68936157226563,2.634063720703125,4.3054656982421875,4.617561340332031,1.0325241088867188,1.3453826904296875,0.32569122314453125,0.49771881103515625,0.23748779296875,99.89842224121094,99.2346420288086,99.9080581665039,99.63245391845703,99.92684936523438,99.83295440673828,99.90919494628906,99.73078155517578,0,67633.04681396484,200204.08227539063,430.37066650390625,16788910080,13421772800,16086368256,6931312640
246,1766836274209,2300,2300,2300,2300,2300,2300,2300,2300,2300,2300,2300,2300,2300,2300,2300,2300,2300,2300,2300,2300,99.9464111328125,99.87651062011719,100,100,0,0,0,0,0,0,0,0,100,100,100,99.13339233398438,99.99176025390625,99.9734115600586,100,99.86405181884766,0,67641.04486083984,200210.31188964844,430.37066650390625,16788910080,13421772800,16101146624,6955479040
214,1766836274456,2300,2300,2300,2300,2300,2300,2300,2300,2300,2300,2300,2300,2300,2300,2300,2300,2300,2300,2300,2300,99.98882293701172,99.97380828857422,100,100,0,0.8051071166992188,0,6.833824157714844,1.0505218505859375,0,0,13.526847839355469,100,100,99.98019409179688,99.9792709350586,100,99.87364196777344,99.98851013183594,100,0,67648.20031738281,200216.03216552734,430.37066650390625,16788910080,13421772800,16099315712,6951555072
215,1766836274673,2300,2300,2300,2300,2300,2300,2300,2300,2300,2300,2300,2300,2300,2300,2300,2300,2300,2300,2300,2300,99.95234680175781,99.49573516845703,99.98270416259766,99.96788787841797,2.3903961181640625,2.9609756469726563,3.1441802978515625,2.7363510131835938,4.09039306640625,1.6063461303710938,4.565177917480469,1.52935791015625,99.98289489746094,99.9885025024414,99.98406982421875,100,100,99.9761734008789,100,99.89144134521484,0,67656.69445800781,200223.2440185547,430.3714599609375,16788910080,13421772800,16099549184,6956457984
204,1766836274889,2300,2300,2300,2300,2300,2300,2300,2300,2300,2300,2300,2300,2300,2300,2300,2300,2300,2300,2300,2300,99.88323211669922,99.87816619873047,99.95732116699219,99.5377197265625,0,0,0,0,0,0,0,0,99.95550537109375,99.76164245605469,99.93930053710938,99.87721252441406,99.9448471069336,99.360107421875,99.89069366455078,98.99446868896484,0,67665.81610107422,200230.88177490234,430.372314453125,16788910080,13421772800,16102883328,6933319680
200,1766836275094,2300,2300,2300,2300,2300,2300,2300,2300,2300,2300,2300,2300,2300,2300,2300,2300,2300,2300,2300,2300,100,100,100,100,2.0114517211914063,2.922943115234375,2.4608688354492188,2.1562042236328125,2.4074554443359375,1.9688949584960938,1.9693756103515625,2.0325241088867188,100,100,100,100,100,100,100,100,0,67672.92834472656,200236.7465209961,430.37310791015625,16788910080,13421772800,16110993408,6951067648
197,1766836275297,2300,2300,2300,2300,2300,2300,2300,2300,2300,2300,2300,2300,2300,2300,2300,2300,2300,2300,2300,2300,99.97925567626953,99.9023666381836,99.98198699951172,99.8832778930664,1.9640045166015625,2.75213623046875,3.0801239013671875,1.5930328369140625,3.70013427734375,1.9435195922851563,3.1445236206054688,2.2885894775390625,99.99122619628906,99.93575286865234,99.99071502685547,99.97244262695313,100,99.93766021728516,99.97785949707031,99.90267944335938,0,67679.08471679688,200241.67712402344,430.37310791015625,16788910080,13421772800,16124854272,6959415296
203,1766836275495,2300,2300,2300,2300,2300,2300,2300,2300,2300,2300,2300,2300,2300,2300,2300,2300,2300,2300,2300,2300,99.97750854492188,99.70987701416016,99.98310089111328,99.98649597167969,0,0,0,0,0,0,0,0,100,99.69674682617188,99.99252319335938,99.99365234375,99.95404052734375,99.82994079589844,99.94914245605469,100,0,67685.64819335938,200246.94659423828,430.37310791015625,16788910080,13421772800,16117182464,6961098752
202,1766836275699,2300,2300,2300,2300,2300,2300,2300,2300,2300,2300,2300,2300,2300,2300,2300,2300,2300,2300,2300,2300,99.88402557373047,99.58843994140625,99.94352722167969,99.69934844970703,1.1888656616210938,1.2775192260742188,1.46636962890625,2.0441665649414063,4.1030120849609375,1.6245040893554688,2.3072509765625,0.94134521484375,99.92581939697266,99.15159606933594,99.9686050415039,99.87080383300781,99.99221801757813,99.94969177246094,99.95752716064453,99.73246765136719,0,67694.22198486328,200254.64361572266,430.37420654296875,16788910080,13421772800,16109764608,6955520000
200,1766836275902,2300,2300,2300,2300,2300,2300,2300,2300,2300,2300,2300,2300,2300,2300,2300,2300,2300,2300,2300,2300,99.95635986328125,99.86400604248047,99.97119140625,99.98674774169922,0,0,0,0,0,0,0,0,99.98388671875,99.98905181884766,99.98321533203125,99.69557189941406,100,99.96551513671875,99.96183013916016,99.9561996459961,0,67703.27038574219,200262.05895996094,430.37445068359375,16788910080,13421772800,16116703232,6952747008
201,1766836276103,2300,2300,2300,2300,2300,2300,2300,2300,2300,2300,2300,2300,2300,2300,2300,2300,2300,2300,2300,2300,99.93457794189453,99.67085266113281,99.99029541015625,99.96199798583984,0,0,0.03778839111328125,0.7933120727539063,1.9589920043945313,0,0,0,99.94773864746094,99.90989685058594,99.96320343017578,99.75541687011719,99.83504486083984,99.88725280761719,99.96073150634766,99.53797149658203,0,67709.93829345703,200267.47247314453,430.37542724609375,16788910080,13421772800,16122195968,6967345152
201,1766836276305,2300,2300,2300,2300,2300,2300,2300,2300,2300,2300,2300,2300,2300,2300,2300,2300,2300,2300,2300,2300,99.91438293457031,99.80400848388672,100,99.98307800292969,0,0.2873687744140625,0.6436767578125,0,1.6068038940429688,0,1.2629623413085938,0,100,99.84846496582031,99.97974395751953,100,100,99.90155029296875,99.89190673828125,99.76713562011719,0,67717.65362548828,200273.84149169922,430.37542724609375,16788910080,13421772800,16115937280,6951260160
199,1766836276507,2300,2300,2300,2300,2300,2300,2300,2300,2300,2300,2300,2300,2300,2300,2300,2300,2300,2300,2300,2300,99.95015716552734,99.84485626220703,100,99.98130798339844,0,0,12.424537658691406,5.670524597167969,0,0,0,0,99.98027801513672,100,99.9811019897461,99.98460388183594,100,99.92472076416016,99.94804382324219,99.71468353271484,0,67725.33813476563,200280.1353149414,430.37542724609375,16788910080,13421772800,16124940288,6965821440
201,1766836276707,2300,2300,2300,2300,2300,2300,2300,2300,2300,2300,2300,2300,2300,2300,2300,2300,2300,2300,2300,2300,98.88232421875,93.67153930664063,99.79967498779297,96.35458374023438,1.2067489624023438,31.764122009277344,0,0,3.765899658203125,0,0,0,99.8449935913086,96.57678985595703,99.9345474243164,99.1346206665039,99.58208465576172,96.27366638183594,99.66300964355469,96.08634948730469,0,67732.92919921875,200286.62573242188,430.3756103515625,16788910080,13421772800,16029122560,6853632000
266,1766836276909,2300,2300,2300,2300,2300,2300,2300,2300,2300,2300,2300,2300,2300,2300,2300,2300,2300,2300,2300,2300,99.89143371582031,99.92810821533203,99.9400863647461,99.64392852783203,27.84526824951172,67.32202911376953,39.621639251708984,15.663124084472656,2.6383819580078125,2.1664505004882813,1.7649993896484375,1.5188980102539063,99.97187042236328,99.95030212402344,99.96733856201172,99.95155334472656,99.95494079589844,99.36469268798828,99.96082305908203,99.54442596435547,0,67739.23657226563,200291.99005126953,430.37646484375,16788910080,13421772800,16076759040,6879526912
194,1766836277183,2300,2300,2300,2300,2300,2300,2300,2300,2300,2300,2300,2300,2300,2300,2300,2300,2300,2300,2300,2300,100,99.96591186523438,99.99303436279297,100,24.08771514892578,0,50.95640563964844,0,0,0,0,0,100,99.9923324584961,100,99.99333190917969,99.99403381347656,99.94975280761719,99.9728775024414,99.97339630126953,0,67756.43365478516,200305.77880859375,430.37744140625,16788910080,13421772800,16091111424,6893203456
200,1766836277377,2300,2300,2300,2300,2300,2300,2300,2300,2300,2300,2300,2300,2300,2300,2300,2300,2300,2300,2300,2300,100,100,100,100,0,63.16783905029297,0,0,0,0,0,0,100,100,100,100,100,100,100,100,0,67757.73425292969,200306.8530883789,430.37744140625,16788910080,13421772800,16109989888,6911819776
201,1766836277578,2300,2300,2300,2300,2300,2300,2300,2300,2300,2300,2300,2300,2300,2300,2300,2300,2300,2300,2300,2300,99.49658966064453,99.0489501953125,99.92832946777344,99.47693634033203,8.482566833496094,13.498672485351563,9.504203796386719,67.75556945800781,2.90350341796875,1.4580459594726563,2.7728652954101563,2.3198776245117188,99.98188018798828,99.35244750976563,99.99134063720703,99.98712158203125,99.84811401367188,99.36344146728516,99.92507934570313,99.91203308105469,0,67762.66088867188,200310.6185913086,430.37744140625,16788910080,13421772800,16118882304,6905098240
201,1766836277779,2300,2300,2300,2300,2300,2300,2300,2300,2300,2300,2300,2300,2300,2300,2300,2300,2300,2300,2300,2300,99.87298583984375,99.32532501220703,99.88218688964844,99.14700317382813,0,48.24801254272461,0,30.34209442138672,0,0,0,0,99.96162414550781,99.84461212158203,99.95487976074219,99.95128631591797,99.88158416748047,99.62196350097656,99.94803619384766,99.32352447509766,0,67772.73474121094,200319.0069580078,430.3787841796875,16788910080,13421772800,16124268544,6896238592
200,1766836277981,2300,2300,2300,2300,2300,2300,2300,2300,2300,2300,2300,2300,2300,2300,2300,2300,2300,2300,2300,2300,99.95521545410156,98.9105224609375,100,99.94361114501953,73.41499328613281,15.044517517089844,20.493499755859375,7.3173065185546875,0,0,0,0,99.96669006347656,99.9143295288086,100,99.874755859375,99.96563720703125,99.93490600585938,99.95673370361328,100,0,67777.61737060547,200322.79119873047,430.38006591796875,16788910080,13421772800,16136413184,6889574400
201,1766836278182,2300,2300,2300,2300,2300,2300,2300,2300,2300,2300,2300,2300,2300,2300,2300,2300,2300,2300,2300,2300,99.82142639160156,98.79983520507813,99.9427261352539,99.9735336303711,12.621376037597656,12.660446166992188,15.625999450683594,7.814300537109375,11.112815856933594,6.968833923339844,8.506523132324219,6.93780517578125,99.93343353271484,99.09220123291016,99.94473266601563,99.68388366699219,99.97048950195313,99.29060363769531,99.89669036865234,99.32679748535156,0,67785.69952392578,200329.8374633789,430.38006591796875,16788910080,13421772800,16131018752,6889005056
198,1766836278387,2300,2300,2300,2300,2300,2300,2300,2300,2300,2300,2300,2300,2300,2300,2300,2300,2300,2300,2300,2300,99.79261779785156,99.19141387939453,99.9928970336914,99.68939208984375,2.7622528076171875,3.8612747192382813,4.484367370605469,1.7298583984375,7.885246276855469,2.1817169189453125,1.8864974975585938,1.6460189819335938,99.97978210449219,99.58868408203125,99.99201202392578,99.90313720703125,99.87744140625,99.87019348144531,99.94436645507813,99.7691879272461,0,67793.17657470703,200335.91967773438,430.3807373046875,16788910080,13421772800,16140177408,6925017088
226,1766836278586,2300,2300,2300,2300,2300,2300,2300,2300,2300,2300,2300,2300,2300,2300,2300,2300,2300,2300,2300,2300,99.69741821289063,94.143310546875,99.71469116210938,96.29703521728516,13.042762756347656,12.245155334472656,25.729225158691406,15.13568115234375,4.288887023925781,8.183624267578125,2.5031967163085938,4.5071868896484375,99.83666229248047,97.09774017333984,99.92430114746094,99.3291244506836,99.89318084716797,98.56885528564453,99.53506469726563,96.6670913696289,0,67801.30114746094,200342.77655029297,430.3807373046875,16788910080,13421772800,16058503168,6806036480
199,1766836278812,2300,2300,2300,2300,2300,2300,2300,2300,2300,2300,2300,2300,2300,2300,2300,2300,2300,2300,2300,2300,99.87667083740234,99.8429183959961,99.99171447753906,99.95796203613281,0.5823516845703125,0.9004974365234375,1.3571624755859375,0,1.5672073364257813,0,0,0,99.9915771484375,100,99.97685241699219,99.93981170654297,100,99.86870574951172,99.95925903320313,99.95912170410156,0,67810.7133178711,200350.76135253906,430.38140869140625,16788910080,13421772800,16081620992,6834282496
195,1766836279019,2300,2300,2300,2300,2300,2300,2300,2300,2300,2300,2300,2300,2300,2300,2300,2300,2300,2300,2300,2300,99.92452239990234,99.59012603759766,99.8903579711914,98.51856231689453,0,0,0,0,0,0,0,0,99.96683502197266,98.22942352294922,99.86754608154297,99.72163391113281,99.83007049560547,98.61964416503906,99.90007781982422,99.45520782470703,0,67819.60546875,200358.0687866211,430.3829345703125,16788910080,13421772800,16093937664,6835490816
199,1766836279215,2300,2300,2300,2300,2300,2300,2300,2300,2300,2300,2300,2300,2300,2300,2300,2300,2300,2300,2300,2300,100,99.38887786865234,99.8622055053711,98.34526824951172,10.094718933105469,5.317802429199219,11.477813720703125,8.658599853515625,2.8713607788085938,2.81085205078125,4.6169281005859375,2.5231552124023438,99.89353942871094,99.84959411621094,99.97312927246094,99.66397094726563,99.91161346435547,98.6346206665039,99.84066772460938,99.93978118896484,0,67824.37829589844,200362.39196777344,430.3829345703125,16788910080,13421772800,16103383040,6839607296
199,1766836279415,2300,2300,2300,2300,2300,2300,2300,2300,2300,2300,2300,2300,2300,2300,2300,2300,2300,2300,2300,2300,99.88028717041016,99.4643325805664,99.75304412841797,97.08499145507813,1.131866455078125,2.5210800170898438,1.0534591674804688,0,0,0,0,0,99.92835998535156,99.89750671386719,99.91421508789063,98.78921508789063,99.91421508789063,99.40811157226563,99.796142578125,98.06327056884766,0,67833.52410888672,200369.8158569336,430.3836669921875,16788910080,13421772800,16150167552,7394979840
200,1766836279615,2300,2300,2300,2300,2300,2300,2300,2300,2300,2300,2300,2300,2300,2300,2300,2300,2300,2300,2300,2300,99.96076202392578,99.7452621459961,100,100,0,0,0,0,0,0,0,0,100,100,99.99224853515625,99.9261474609375,100,100,100,99.98561096191406,0,67839.92657470703,200374.9188232422,430.3836669921875,16788910080,13421772800,16161165312,7393447936
200,1766836279816,2300,2300,2300,2300,2300,2300,2300,2300,2300,2300,2300,2300,2300,2300,2300,2300,2300,2300,2300,2300,99.5782699584961,99.36762237548828,99.90203094482422,98.03273010253906,0,0,0,0,0,0,0,0,99.99195098876953,99.94832611083984,99.96698760986328,99.40980529785156,99.95648193359375,98.44480895996094,99.95589447021484,99.61490631103516,0,67847.71252441406,200381.36389160156,430.384033203125,16788910080,13421772800,16192139264,7411228672
199,1766836280017,2300,2300,2300,2300,2300,2300,2300,2300,2300,2300,2300,2300,2300,2300,2300,2300,2300,2300,2300,2300,99.96524810791016,96.71707916259766,99.76692199707031,99.27469635009766,6.523399353027344,6.544197082519531,7.2287445068359375,8.177337646484375,6.580421447753906,6.3268585205078125,6.633857727050781,6.3170623779296875,99.83273315429688,98.83612823486328,99.91302490234375,99.34498596191406,99.84052276611328,97.39973449707031,99.78466033935547,94.36637878417969,0,67854.76135253906,200387.2544555664,430.3853759765625,16788910080,13421772800,16218968064,7403208704
200,1766836280217,2300,2300,2300,2300,2300,2300,2300,2300,2300,2300,2300,2300,2300,2300,2300,2300,2300,2300,2300,2300,99.48333740234375,94.74088287353516,99.49137115478516,94.53919219970703,1.5925979614257813,0,0,0,2.527801513671875,0,0,0,99.63922882080078,94.45096588134766,99.62832641601563,97.79554748535156,99.5057144165039,95.93923950195313,99.40142822265625,93.87936401367188,0,67863.64093017578,200394.82098388672,430.3853759765625,16788910080,13421772800,16246624256,7410229248
199,1766836280418,2300,2300,2300,2300,2300,2300,2300,2300,2300,2300,2300,2300,2300,2300,2300,2300,2300,2300,2300,2300,98.89352416992188,75.00208282470703,99.18395233154297,81.97028350830078,1.5024032592773438,1.466217041015625,1.399871826171875,0.952606201171875,1.396209716796875,1.3156585693359375,1.5185165405273438,1.2575454711914063,99.4898452758789,89.3980941772461,99.57652282714844,96.99217987060547,99.10285186767578,86.62348937988281,99.36387634277344,84.43537902832031,0,67871.00482177734,200400.91522216797,430.386962890625,16788910080,13421772800,16276754432,7410749440
199,1766836280619,2300,2300,2300,2300,2300,2300,2300,2300,2300,2300,2300,2300,2300,2300,2300,2300,2300,2300,2300,2300,98.8483657836914,94.29448699951172,99.1818618774414,94.4177474975586,1.5395050048828125,3.9345474243164063,3.7592315673828125,26.153778076171875,1.5876693725585938,5.0251312255859375,5.036354064941406,5.6912078857421875,99.5235366821289,96.43250274658203,99.70278930664063,98.6894302368164,99.534912109375,92.38829040527344,99.50251770019531,92.65037536621094,0,67879.8588256836,200408.48345947266,430.386962890625,16788910080,13421772800,16309563392,7411773440
200,1766836280818,2300,2300,2300,2300,2300,2300,2300,2300,2300,2300,2300,2300,2300,2300,2300,2300,2300,2300,2300,2300,98.94172668457031,89.67703247070313,98.63787841796875,93.03363037109375,1.4569473266601563,30.715850830078125,10.594352722167969,1.5804824829101563,0.9767913818359375,1.10809326171875,1.1967315673828125,6.054771423339844,99.18357849121094,90.19999694824219,99.3991470336914,95.62332916259766,99.00037384033203,95.745849609375,99.20975494384766,94.40336608886719,0,67887.60815429688,200414.99780273438,430.39385986328125,16788910080,13421772800,16062156800,6999400448
199,1766836281020,2300,2300,2300,2300,2300,2300,2300,2300,2300,2300,2300,2300,2300,2300,2300,2300,2300,2300,2300,2300,99.35147857666016,94.3033447265625,99.51954650878906,92.70955657958984,3.4871826171875,13.630508422851563,9.853302001953125,0.5598068237304688,0,0,0,0,99.41534423828125,93.57830810546875,99.58467102050781,96.78822326660156,99.25325012207031,97.30738830566406,99.21292114257813,94.41189575195313,0,67895.44482421875,200421.54467773438,430.402099609375,16788910080,13421772800,16092934144,7003549696
199,1766836281220,2300,2300,2300,2300,2300,2300,2300,2300,2300,2300,2300,2300,2300,2300,2300,2300,2300,2300,2300,2300,98.99046325683594,89.27325439453125,99.33621978759766,92.94662475585938,3.2167587280273438,3.5672760009765625,4.5238189697265625,0.8569564819335938,1.4656906127929688,1.4705047607421875,3.1873931884765625,1.1764144897460938,99.411865234375,87.72832489013672,99.23417663574219,97.06405639648438,99.07456970214844,93.85919189453125,99.29254913330078,90.91596984863281,0,67902.85571289063,200427.73486328125,430.402099609375,16788910080,13421772800,16126447616,7010205696
199,1766836281421,2300,2300,2300,2300,2300,2300,2300,2300,2300,2300,2300,2300,2300,2300,2300,2300,2300,2300,2300,2300,99.35092163085938,95.42943572998047,99.44762420654297,93.53776550292969,6.426666259765625,6.76837158203125,4.862831115722656,1.7018203735351563,0.8852005004882813,1.0014419555664063,0.7271270751953125,1.3323898315429688,99.52227020263672,94.2815170288086,99.59529113769531,98.86766815185547,99.61961364746094,96.35247802734375,99.56593322753906,98.2476577758789,0,67910.85186767578,200434.42657470703,430.4046630859375,16788910080,13421772800,16145625088,7013232640
199,1766836281621,2300,2300,2300,2300,2300,2300,2300,2300,2300,2300,2300,2300,2300,2300,2300,2300,2300,2300,2300,2300,99.17184448242188,83.47159576416016,99.39122009277344,87.03199005126953,2.6599273681640625,4.536964416503906,4.830863952636719,1.6982955932617188,1.5220260620117188,1.432708740234375,1.4599151611328125,1.5684967041015625,99.2258071899414,87.89408874511719,99.31754302978516,97.14157104492188,99.4512710571289,90.68050384521484,99.17748260498047,89.57091522216797,0,67918.7992553711,200441.15704345703,430.4046630859375,16788910080,13421772800,16169254912,7012388864
199,1766836281822,2300,2300,2300,2300,2300,2300,2300,2300,2300,2300,2300,2300,2300,2300,2300,2300,2300,2300,2300,2300,98.7845458984375,86.77153778076172,99.37669372558594,94.14851379394531,11.01513671875,41.14179229736328,6.557891845703125,8.449798583984375,0,1.54425048828125,0.8544387817382813,0,99.47911071777344,90.44905090332031,99.53985595703125,94.33032989501953,98.82829284667969,93.81905364990234,99.5125961303711,92.65705871582031,0,67926.89093017578,200447.94067382813,430.4046630859375,16788910080,13421772800,16141115392,6948737024
199,1766836282021,2300,2300,2300,2300,2300,2300,2300,2300,2300,2300,2300,2300,2300,2300,2300,2300,2300,2300,2300,2300,99.60922241210938,91.61601257324219,99.76417541503906,95.01812744140625,1.68670654296875,75.24769592285156,27.28479766845703,1.1983718872070313,0.40636444091796875,0.30236053466796875,0.43669891357421875,0.2874603271484375,99.6539306640625,94.94403076171875,99.80977630615234,95.8905258178711,99.82478332519531,96.813720703125,99.47278594970703,95.73231506347656,0,67933.0224609375,200452.8350830078,430.4078369140625,16788910080,13421772800,16209539072,6972641280
200,1766836282222,2300,2300,2300,2300,2300,2300,2300,2300,2300,2300,2300,2300,2300,2300,2300,2300,2300,2300,2300,2300,98.80988311767578,86.4774398803711,99.350341796875,93.64168548583984,0,0,100,0,0,0,0,0,99.4881362915039,89.72985076904297,99.55661010742188,97.0704574584961,99.28005981445313,91.07120513916016,99.45002746582031,89.41755676269531,0,67941.76239013672,200460.45611572266,430.4078369140625,16788910080,13421772800,16244424704,6974349312
200,1766836282422,2300,2300,2300,2300,2300,2300,2300,2300,2300,2300,2300,2300,2300,2300,2300,2300,2300,2300,2300,2300,99.16051483154297,89.13349914550781,99.38540649414063,95.88212585449219,65.78311920166016,20.232879638671875,12.901870727539063,8.384635925292969,2.0170974731445313,1.4128952026367188,1.9279861450195313,1.4507369995117188,99.60163116455078,93.19530487060547,99.50469207763672,96.9865951538086,99.18650817871094,95.59578704833984,99.53345489501953,92.50057983398438,0,67950.1226196289,200467.34545898438,430.4078369140625,16788910080,13421772800,16280555520,6993076224
201,1766836282625,2300,2300,2300,2300,2300,2300,2300,2300,2300,2300,2300,2300,2300,2300,2300,2300,2300,2300,2300,2300,99.25885009765625,90.335205078125,99.30843353271484,90.3899154663086,4.8519439697265625,99.97574615478516,4.219482421875,6.132194519042969,0.8962554931640625,1.2186126708984375,0.755889892578125,7.1113739013671875,99.56480407714844,92.89688110351563,99.54977416992188,97.38053894042969,99.3795394897461,92.99102020263672,99.35240936279297,95.35220336914063,0,67956.6576538086,200472.58764648438,430.40814208984375,16788910080,13421772800,16314384384,6997073920
211,1766836282827,2300,2300,2300,2300,2300,2300,2300,2300,2300,2300,2300,2300,2300,2300,2300,2300,2300,2300,2300,2300,99.26722717285156,85.1106185913086,99.30950927734375,93.50303649902344,31.57512664794922,64.03741455078125,0,5.5047454833984375,0,0,0,1.346588134765625,99.07097625732422,92.30316162109375,99.42068481445313,99.73609924316406,99.3546371459961,97.65631866455078,99.32559204101563,93.20852661132813,0,67965.20092773438,200479.81311035156,430.40814208984375,16788910080,13421772800,16335015936,6987939840
200,1766836283039,2300,2300,2300,2300,2300,2300,2300,2300,2300,2300,2300,2300,2300,2300,2300,2300,2300,2300,2300,2300,99.96941375732422,98.15231323242188,99.81624603271484,99.86087799072266,0,35.156951904296875,0,0,0,0,0,0,99.96188354492188,99.40900421142578,99.98743438720703,97.92092895507813,99.96432495117188,98.91204833984375,99.80194854736328,99.15131378173828,0,67971.9097290039,200485.080078125,430.4093017578125,16788910080,13421772800,16293269504,7010803712
201,1766836283241,2300,2300,2300,2300,2300,2300,2300,2300,2300,2300,2300,2300,2300,2300,2300,2300,2300,2300,2300,2300,99.5362548828125,97.93730163574219,99.78055572509766,99.71188354492188,11.832435607910156,29.58545684814453,37.53833770751953,9.058761596679688,17.3707275390625,10.385467529296875,9.866096496582031,9.144950866699219,99.80164337158203,98.79164123535156,99.95841979980469,99.13890075683594,99.74547576904297,97.07657623291016,99.79253387451172,98.15557098388672,0,67978.82507324219,200490.68634033203,430.4093017578125,16788910080,13421772800,16259760128,7016411136
200,1766836283444,2300,2300,2300,2300,2300,2300,2300,2300,2300,2300,2300,2300,2300,2300,2300,2300,2300,2300,2300,2300,99.90205383300781,99.96090698242188,100,99.52945709228516,26.67969512939453,68.40780639648438,40.330997467041016,19.93853759765625,12.483413696289063,21.218826293945313,13.328193664550781,28.884033203125,100,99.9409408569336,100,99.68121337890625,99.94593811035156,99.91007995605469,99.9913558959961,99.69438171386719,0,67986.22344970703,200496.6333618164,430.4093017578125,16788910080,13421772800,16285556736,7017402368
200,1766836283645,2300,2300,2300,2300,2300,2300,2300,2300,2300,2300,2300,2300,2300,2300,2300,2300,2300,2300,2300,2300,99.5080795288086,99.76033020019531,99.81817626953125,99.64356231689453,42.21213150024414,37.24625015258789,52.691410064697266,20.940757751464844,22.26171112060547,55.74534606933594,42.84000015258789,33.878684997558594,99.74974060058594,99.52204132080078,99.95872497558594,99.86814880371094,99.70233154296875,99.70140838623047,99.6364517211914,99.72933197021484,0,67993.55645751953,200502.57287597656,430.41070556640625,16788910080,13421772800,16267411456,7020613632
201,1766836283845,2300,2300,2300,2300,2300,2300,2300,2300,2300,2300,2300,2300,2300,2300,2300,2300,2300,2300,2300,2300,99.65157318115234,98.92571258544922,99.82243347167969,98.05225372314453,29.033340454101563,25.083450317382813,34.69524383544922,19.666603088378906,33.597747802734375,64.58416748046875,40.252288818359375,39.21046829223633,99.9474105834961,96.72891235351563,99.7309341430664,99.83116149902344,99.73812103271484,98.7632064819336,99.46011352539063,99.46953582763672,0,68000.71942138672,200508.4422607422,430.41070556640625,16788910080,13421772800,16256061440,7025156096
213,1766836284048,2300,2300,2300,2300,2300,2300,2300,2300,2300,2300,2300,2300,2300,2300,2300,2300,2300,2300,2300,2300,99.88142395019531,99.80648040771484,99.74349975585938,99.7789535522461,23.126914978027344,20.29486846923828,25.644569396972656,24.20447540283203,43.22911071777344,30.51629638671875,26.153900146484375,22.707740783691406,99.90596771240234,99.90025329589844,99.97000122070313,99.97634887695313,99.86590576171875,99.74397277832031,99.85284423828125,99.79059600830078,0,68006.2392578125,200512.73315429688,430.412841796875,16788910080,13421772800,16202170368,7005315072
194,1766836284269,2300,2300,2300,2300,2300,2300,2300,2300,2300,2300,2300,2300,2300,2300,2300,2300,2300,2300,2300,2300,99.37078094482422,98.7456283569336,99.56340789794922,99.52651977539063,3.4742660522460938,2.9949798583984375,0,0,30.75751495361328,7.7354583740234375,1.1056289672851563,11.369026184082031,99.65058135986328,97.74230194091797,100,99.75772857666016,99.58119201660156,97.76091003417969,99.53433227539063,98.44306182861328,0,68016.55340576172,200521.20379638672,430.412841796875,16788910080,13421772800,16193814528,7020388352
200,1766836284463,2300,2300,2300,2300,2300,2300,2300,2300,2300,2300,2300,2300,2300,2300,2300,2300,2300,2300,2300,2300,99.45866394042969,96.43785095214844,99.81739807128906,98.01396942138672,11.379592895507813,12.098281860351563,11.429298400878906,10.813766479492188,12.663337707519531,11.124420166015625,11.157920837402344,10.548934936523438,99.93578338623047,99.62760162353516,99.91122436523438,99.871826171875,99.77223205566406,99.5782241821289,99.6917495727539,98.39356231689453,0,68021.1337890625,200524.83337402344,430.412841796875,16788910080,13421772800,16187912192,7034556416
203,1766836284664,2300,2300,2300,2300,2300,2300,2300,2300,2300,2300,2300,2300,2300,2300,2300,2300,2300,2300,2300,2300,99.20358276367188,95.5329360961914,99.54346466064453,95.23950958251953,1.6818389892578125,2.42315673828125,1.9798126220703125,1.4112625122070313,1.6939697265625,1.6544418334960938,1.6414031982421875,1.6332626342773438,99.48280334472656,93.76051330566406,99.90431213378906,95.99523162841797,99.70753479003906,95.13690185546875,99.49169921875,97.1636734008789,0,68028.20104980469,200530.60137939453,430.4139404296875,16788910080,13421772800,16177180672,7029215232
198,1766836284869,2300,2300,2300,2300,2300,2300,2300,2300,2300,2300,2300,2300,2300,2300,2300,2300,2300,2300,2300,2300,98.60328674316406,92.74400329589844,99.78839874267578,86.0770034790039,0,6.280677795410156,0,1.4281539916992188,0,0,0,0,99.87773895263672,99.20155334472656,99.79102325439453,99.57688903808594,99.46652221679688,98.10649871826172,99.53919219970703,91.47132110595703,0,68037.11218261719,200537.9852294922,430.41436767578125,16788910080,13421772800,16194748416,7037063168
200,1766836285068,2300,2300,2300,2300,2300,2300,2300,2300,2300,2300,2300,2300,2300,2300,2300,2300,2300,2300,2300,2300,99.81825256347656,95.99364471435547,99.8807144165039,95.38301849365234,0,0,0,0,0,0,0,0,99.84248352050781,99.90847778320313,99.94708251953125,98.15815734863281,99.93939971923828,98.11551666259766,99.9243392944336,98.12574768066406,0,68043.9907836914,200543.740234375,430.41436767578125,16788910080,13421772800,16172658688,7022059520
200,1766836285269,2300,2300,2300,2300,2300,2300,2300,2300,2300,2300,2300,2300,2300,2300,2300,2300,2300,2300,2300,2300,99.46605682373047,95.498291015625,99.41702270507813,92.04205322265625,1.3526611328125,2.261566162109375,1.91204833984375,0.9481964111328125,0.9481964111328125,1.2355575561523438,1.3954010009765625,0.8382339477539063,99.632080078125,90.82357788085938,99.03218078613281,97.12816619873047,98.97203826904297,98.13116455078125,99.57611846923828,91.63801574707031,0,68050.26348876953,200548.83056640625,430.41522216796875,16788910080,13421772800,16181137408,7020871680
200,1766836285470,2300,2300,2300,2300,2300,2300,2300,2300,2300,2300,2300,2300,2300,2300,2300,2300,2300,2300,2300,2300,99.42117309570313,86.8365249633789,93.42903900146484,98.94537353515625,0,0.720458984375,0.137664794921875,0,0.41477203369140625,0,0,0,99.78849792480469,91.77391815185547,99.86956024169922,94.49323272705078,93.55328369140625,99.19786834716797,99.52679443359375,91.8648452758789,0,68057.7642211914,200555.0821533203,430.41522216796875,16788910080,13421772800,16174911488,7015690240
204,1766836285671,2300,2300,2300,2300,2300,2300,2300,2300,2300,2300,2300,2300,2300,2300,2300,2300,2300,2300,2300,2300,99.57418823242188,91.69529724121094,93.4033203125,99.5803451538086,1.4483566284179688,2.9869766235351563,1.9038619995117188,1.0627212524414063,2.7392654418945313,2.0296783447265625,1.5444183349609375,1.3425750732421875,99.70086669921875,95.5521011352539,99.65286254882813,91.78408813476563,89.229736328125,99.68413543701172,99.29092407226563,86.6180191040039,0,68065.99609375,200562.15008544922,430.416015625,16788910080,13421772800,16173109248,7020625920
199,1766836285876,2300,2300,2300,2300,2300,2300,2300,2300,2300,2300,2300,2300,2300,2300,2300,2300,2300,2300,2300,2300,99.0011978149414,84.0092544555664,92.69196319580078,99.63294982910156,0,2.7927932739257813,0,0,2.3087692260742188,0,0,0.434600830078125,99.29132843017578,93.89510345458984,99.82477569580078,95.88211059570313,91.53302001953125,99.63783264160156,99.54267883300781,89.71497344970703,0,68073.64868164063,200568.4288330078,430.416015625,16788910080,13421772800,16188608512,7022886912
199,1766836286076,2300,2300,2300,2300,2300,2300,2300,2300,2300,2300,2300,2300,2300,2300,2300,2300,2300,2300,2300,2300,99.33415985107422,89.25659942626953,88.30056762695313,99.56025695800781,0,0,0,0,0,0,0,0,99.67200469970703,87.05781555175781,99.55428314208984,96.08173370361328,93.38825225830078,99.43661499023438,99.66159057617188,89.6939926147461,0,68081.53594970703,200575.03826904297,430.4168701171875,16788910080,13421772800,16186765312,7029248000
203,1766836286276,2300,2300,2300,2300,2300,2300,2300,2300,2300,2300,2300,2300,2300,2300,2300,2300,2300,2300,2300,2300,99.11666107177734,81.80484771728516,93.56537628173828,99.4903335571289,0,0,0,0,0,0,0,0,99.65727233886719,85.69789123535156,99.5591812133789,98.41194152832031,90.905517578125,99.21284484863281,99.42427062988281,87.24202728271484,0,68088.39392089844,200580.9730834961,430.41754150390625,16788910080,13421772800,16187105280,7030059008
198,1766836286481,2300,2300,2300,2300,2300,2300,2300,2300,2300,2300,2300,2300,2300,2300,2300,2300,2300,2300,2300,2300,98.80684661865234,85.80972290039063,89.75895690917969,99.50708770751953,3.738494873046875,8.081474304199219,4.4977874755859375,2.2532119750976563,3.7092208862304688,2.2482528686523438,1.6393203735351563,1.27392578125,99.83717346191406,92.67664337158203,99.75988006591797,93.11892700195313,89.31591033935547,99.64517974853516,98.9676284790039,82.96330261230469,0,68095.26190185547,200586.14978027344,430.41754150390625,16788910080,13421772800,16183734272,7027073024
199,1766836286681,2300,2300,2300,2300,2300,2300,2300,2300,2300,2300,2300,2300,2300,2300,2300,2300,2300,2300,2300,2300,97.705810546875,73.82669067382813,88.15965270996094,99.45307922363281,1.0717315673828125,0.9310684204101563,1.0774459838867188,0.47534942626953125,2.3276748657226563,1.1659088134765625,0.38294219970703125,0.4515228271484375,98.39627075195313,64.6163330078125,98.1452407836914,87.59007263183594,81.79480743408203,99.12259674072266,99.41251373291016,75.95048522949219,0,68101.45947265625,200591.10571289063,430.41754150390625,16788910080,13421772800,16162557952,6997331968
199,1766836286880,2300,2300,2300,2300,2300,2300,2300,2300,2300,2300,2300,2300,2300,2300,2300,2300,2300,2300,2300,2300,98.38282012939453,76.6170654296875,75.34960174560547,99.31946563720703,9.425949096679688,8.762413024902344,12.532791137695313,0.29052734375,10.020584106445313,2.0396194458007813,0,15.791366577148438,99.23402404785156,69.50482177734375,99.19965362548828,90.74380493164063,77.87396240234375,99.32022857666016,99.00120544433594,59.84059524536133,0,68109.40698242188,200597.69415283203,430.4193115234375,16788910080,13421772800,16096755712,6912962560
200,1766836287080,2300,2300,2300,2300,2300,2300,2300,2300,2300,2300,2300,2300,2300,2300,2300,2300,2300,2300,2300,2300,98.87625122070313,75.8736343383789,81.5342025756836,99.41175079345703,30.83319091796875,44.499210357666016,43.4552001953125,3.4754486083984375,13.926368713378906,2.6429824829101563,2.6637725830078125,2.5986328125,97.096923828125,81.48360443115234,98.05367279052734,86.92069244384766,81.22576904296875,96.74542236328125,90.2623291015625,70.63724517822266,0,68115.98852539063,200603.04516601563,430.4193115234375,16788910080,13421772800,16112164864,6930890752
200,1766836287281,2300,2300,2300,2300,2300,2300,2300,2300,2300,2300,2300,2300,2300,2300,2300,2300,2300,2300,2300,2300,95.81443786621094,69.4716796875,82.77429962158203,98.27094268798828,63.59267807006836,2.8272476196289063,42.01380157470703,0.849090576171875,3.5797195434570313,3.3778839111328125,0.815521240234375,0,93.08920288085938,71.84100341796875,95.61055755615234,85.32317352294922,80.62478637695313,97.13943481445313,96.4423599243164,47.57501983642578,0,68124.43798828125,200610.2147216797,430.42071533203125,16788910080,13421772800,16107016192,6928994304
200,1766836287481,2300,2300,2300,2300,2300,2300,2300,2300,2300,2300,2300,2300,2300,2300,2300,2300,2300,2300,2300,2300,97.55052947998047,34.479095458984375,50.00560760498047,97.99476623535156,6.1435089111328125,6.0478057861328125,63.97480773925781,2.56207275390625,12.193214416503906,3.5804443359375,26.9107666015625,7.783966064453125,97.82154846191406,37.48270797729492,95.82369232177734,87.5809326171875,67.63590240478516,98.31752014160156,98.48685455322266,35.837913513183594,0,68130.12268066406,200614.63818359375,430.42071533203125,16788910080,13421772800,16127803392,6943830016
201,1766836287682,2300,2300,2300,2300,2300,2300,2300,2300,2300,2300,2300,2300,2300,2300,2300,2300,2300,2300,2300,2300,96.22879028320313,81.8851547241211,79.68009948730469,98.35270690917969,2.5078582763671875,3.90667724609375,1.5655136108398438,0.07089996337890625,2.3443069458007813,1.5455093383789063,22.717140197753906,77.20896911621094,98.85818481445313,86.2841796875,99.76844024658203,95.05393981933594,89.30943298339844,99.5335922241211,99.05391693115234,72.94869995117188,0,68138.59173583984,200621.81524658203,430.42071533203125,16788910080,13421772800,16161665024,6987182080
217,1766836287884,2300,2300,2300,2300,2300,2300,2300,2300,2300,2300,2300,2300,2300,2300,2300,2300,2300,2300,2300,2300,95.73877716064453,85.64639282226563,94.3409423828125,99.52420043945313,4.942710876464844,89.29407501220703,17.768173217773438,1.5706405639648438,0,0,0,0,99.24714660644531,87.23882293701172,98.79472351074219,93.59546661376953,94.77236938476563,99.61676025390625,96.39282989501953,72.15652465820313,0,68147.65295410156,200629.3907470703,430.42242431640625,16788910080,13421772800,16175026176,7004884992
199,1766836288102,2300,2300,2300,2300,2300,2300,2300,2300,2300,2300,2300,2300,2300,2300,2300,2300,2300,2300,2300,2300,97.27494812011719,78.63453674316406,77.53822326660156,98.97927856445313,2.1420745849609375,2.4530105590820313,41.365291595458984,1.060699462890625,1.0972900390625,0.8803558349609375,0.9261322021484375,0.7920989990234375,98.57311248779297,66.84542083740234,98.82275390625,91.64833068847656,86.10235595703125,99.0660629272461,98.6087646484375,69.9881362915039,0,68153.95892333984,200634.5718383789,430.42242431640625,16788910080,13421772800,16152018944,6977073152
200,1766836288303,2300,2300,2300,2300,2300,2300,2300,2300,2300,2300,2300,2300,2300,2300,2300,2300,2300,2300,2300,2300,94.36701202392578,73.52064514160156,79.4438705444336,97.10877227783203,1.0912704467773438,2.9523696899414063,0.49640655517578125,0,2.6188125610351563,0.42459869384765625,1.6040878295898438,0.321441650390625,97.17037963867188,64.2105484008789,98.5020523071289,85.77342224121094,73.23323059082031,98.61182403564453,98.28437042236328,52.67513656616211,0,68163.07305908203,200642.24005126953,430.4232177734375,16788910080,13421772800,16172421120,6998151168
200,1766836288503,2300,2300,2300,2300,2300,2300,2300,2300,2300,2300,2300,2300,2300,2300,2300,2300,2300,2300,2300,2300,97.9353256225586,69.94982147216797,76.77552795410156,99.25820922851563,2.9533004760742188,2.9121475219726563,1.9416122436523438,0.9001083374023438,1.5537948608398438,1.0045852661132813,1.1681900024414063,1.0591888427734375,99.254638671875,79.18157958984375,99.02725219726563,95.7314682006836,71.33316040039063,99.20738220214844,99.15731811523438,59.780235290527344,0,68170.31811523438,200648.27362060547,430.4232177734375,16788910080,13421772800,16193093632,7057207296
196,1766836288707,2300,2300,2300,2300,2300,2300,2300,2300,2300,2300,2300,2300,2300,2300,2300,2300,2300,2300,2300,2300,94.92343139648438,53.29939270019531,58.47365951538086,95.31737518310547,0,0.43274688720703125,0,3.8370590209960938,0.7424774169921875,1.05364990234375,2.4908599853515625,1.254547119140625,91.83364868164063,48.27327346801758,95.5506820678711,64.9066162109375,83.45951080322266,97.26604461669922,93.63282775878906,35.784217834472656,0,68178.38739013672,200655.04180908203,430.4232177734375,16788910080,13421772800,16213901312,7046389760
199,1766836288904,2300,2300,2300,2300,2300,2300,2300,2300,2300,2300,2300,2300,2300,2300,2300,2300,2300,2300,2300,2300,92.50428771972656,41.41090774536133,57.50074005126953,96.4461669921875,4.031623840332031,4.256011962890625,1.3733749389648438,1.383636474609375,12.756378173828125,19.854095458984375,12.712730407714844,24.60144805908203,89.42053985595703,69.05937957763672,95.82743072509766,77.93180084228516,74.19722747802734,96.48471069335938,94.8446044921875,41.015567779541016,0,68184.18084716797,200659.5990600586,430.4310302734375,16788910080,13421772800,15957020672,6742847488
199,1766836289105,2300,2300,2300,2300,2300,2300,2300,2300,2300,2300,2300,2300,2300,2300,2300,2300,2300,2300,2300,2300,94.27377319335938,33.70379638671875,60.06007766723633,97.43099212646484,8.286994934082031,21.462646484375,1.738525390625,0.51708984375,3.1821823120117188,3.8140029907226563,1.3297348022460938,30.826263427734375,97.64985656738281,36.46377944946289,99.04318237304688,73.0350570678711,75.95864868164063,98.70512390136719,98.02513885498047,30.534263610839844,0,68192.85711669922,200667.00616455078,430.4390869140625,16788910080,13421772800,15819984896,6549487616
200,1766836289305,2300,2300,2300,2300,2300,2300,2300,2300,2300,2300,2300,2300,2300,2300,2300,2300,2300,2300,2300,2300,95.02286529541016,24.599952697753906,33.5543212890625,95.49225616455078,6.47271728515625,5.180946350097656,1.4088363647460938,1.4091415405273438,4.142509460449219,3.7915496826171875,3.2545623779296875,2.399322509765625,93.88117980957031,15.812675476074219,94.08296203613281,58.47454833984375,54.75054168701172,94.58303833007813,94.27826690673828,3.0871124267578125,0,68199.37854003906,200672.36950683594,430.4390869140625,16788910080,13421772800,15803662336,6530199552
200,1766836289505,2300,2300,2300,2300,2300,2300,2300,2300,2300,2300,2300,2300,2300,2300,2300,2300,2300,2300,2300,2300,91.47260284423828,5.289253234863281,10.743743896484375,91.88843536376953,0,0,0,0,14.064834594726563,0.9478225708007813,0,24.855941772460938,90.35611724853516,0,92.6834716796875,32.44236755371094,47.29331588745117,93.0719985961914,94.58139038085938,0,0,68206.82989501953,200679.04034423828,430.44122314453125,16788910080,13421772800,15801233408,6531117056
200,1766836289705,2300,2300,2300,2300,2300,2300,2300,2300,2300,2300,2300,2300,2300,2300,2300,2300,2300,2300,2300,2300,92.08889770507813,7.541786193847656,13.116668701171875,94.0284194946289,0.294464111328125,0.22068023681640625,0.22255706787109375,0.2294464111328125,2.772979736328125,3.8941268920898438,2.3089752197265625,3.2081222534179688,93.52167510986328,4.5198211669921875,95.50732421875,37.02016067504883,50.413516998291016,92.17848205566406,93.32747650146484,1.9384002685546875,0,68216.4448852539,200687.02893066406,430.44122314453125,16788910080,13421772800,15816531968,6537846784
200,1766836289906,2300,2300,2300,2300,2300,2300,2300,2300,2300,2300,2300,2300,2300,2300,2300,2300,2300,2300,2300,2300,92.29095458984375,24.658065795898438,23.458419799804688,93.23822784423828,2.0792236328125,5.233924865722656,1.3386383056640625,1.3032989501953125,18.04839324951172,12.642204284667969,5.0296478271484375,12.380203247070313,95.4991455078125,21.972869873046875,93.16608428955078,61.57025146484375,44.44403076171875,92.96377563476563,93.32090759277344,13.370834350585938,0,68224.14440917969,200693.43756103516,430.44256591796875,16788910080,13421772800,15814791168,6542585856
199,1766836290106,2300,2300,2300,2300,2300,2300,2300,2300,2300,2300,2300,2300,2300,2300,2300,2300,2300,2300,2300,2300,98.02127838134766,43.687782287597656,52.26771926879883,97.93283081054688,4.891815185546875,2.2601699829101563,1.3850784301757813,0.5457382202148438,10.350212097167969,19.57135772705078,13.112533569335938,9.894218444824219,98.46221160888672,50.00870132446289,98.46958923339844,84.34745025634766,73.77053833007813,98.071533203125,98.0348892211914,23.672348022460938,0,68231.6079711914,200699.52197265625,430.44256591796875,16788910080,13421772800,15838912512,6572679168
199,1766836290307,2300,2300,2300,2300,2300,2300,2300,2300,2300,2300,2300,2300,2300,2300,2300,2300,2300,2300,2300,2300,96.68409729003906,49.26567459106445,47.7857780456543,96.42127990722656,5.96240234375,5.207069396972656,0.51080322265625,0,8.185195922851563,3.6528244018554688,7.1675872802734375,2.0751419067382813,97.12315368652344,31.690994262695313,97.77445983886719,75.97350311279297,62.98251724243164,97.01397705078125,97.697265625,12.086746215820313,0,68239.11340332031,200705.63494873047,430.44256591796875,16788910080,13421772800,15842926592,6576041984
199,1766836290507,2300,2300,2300,2300,2300,2300,2300,2300,2300,2300,2300,2300,2300,2300,2300,2300,2300,2300,2300,2300,96.83707427978516,60.76435470581055,71.27857208251953,98.1902084350586,10.652572631835938,8.277061462402344,4.923500061035156,0.6877822875976563,8.710273742675781,3.0369186401367188,5.41162109375,4.2012786865234375,97.81412506103516,60.34712600708008,98.92866516113281,78.51712799072266,86.21375274658203,98.30602264404297,98.0788803100586,36.52539825439453,0,68247.95013427734,200713.05926513672,430.44293212890625,16788910080,13421772800,15843921920,6587629568
199,1766836290707,2300,2300,2300,2300,2300,2300,2300,2300,2300,2300,2300,2300,2300,2300,2300,2300,2300,2300,2300,2300,95.7579345703125,46.364990234375,47.821449279785156,97.62555694580078,5.20758056640625,8.249366760253906,5.169883728027344,4.009346008300781,8.060539245605469,5.984565734863281,5.455574035644531,3.6720352172851563,97.91299438476563,36.51601791381836,97.91743469238281,83.88721466064453,73.6711196899414,98.19943237304688,97.33727264404297,9.822410583496094,0,68255.82830810547,200719.5897216797,430.44293212890625,16788910080,13421772800,15840903168,6580670464
199,1766836290907,2300,2300,2300,2300,2300,2300,2300,2300,2300,2300,2300,2300,2300,2300,2300,2300,2300,2300,2300,2300,97.17808532714844,46.739990234375,67.66331481933594,97.61968231201172,8.254463195800781,10.376571655273438,3.3227386474609375,0.583099365234375,7.3721160888671875,4.863395690917969,3.937225341796875,2.741790771484375,98.55305480957031,40.337833404541016,98.19163513183594,73.06202697753906,69.95736694335938,97.61538696289063,97.91887664794922,25.865249633789063,0,68262.73364257813,200725.09967041016,430.4447021484375,16788910080,13421772800,15819325440,6548246528
200,1766836291107,2300,2300,2300,2300,2300,2300,2300,2300,2300,2300,2300,2300,2300,2300,2300,2300,2300,2300,2300,2300,98.68810272216797,75.77925109863281,80.44954681396484,97.90389251708984,18.795425415039063,3.7006301879882813,4.969879150390625,9.563858032226563,3.3773574829101563,0,3.4291305541992188,1.7968826293945313,98.7412338256836,72.81348419189453,98.93077087402344,93.06195068359375,86.54113006591797,98.71870422363281,98.66239166259766,68.81195831298828,0,68269.95709228516,200730.90209960938,430.44525146484375,16788910080,13421772800,15841280000,6570319872
199,1766836291308,2300,2300,2300,2300,2300,2300,2300,2300,2300,2300,2300,2300,2300,2300,2300,2300,2300,2300,2300,2300,98.78897094726563,91.60358428955078,89.09394073486328,98.78526306152344,4.41387939453125,2.3901519775390625,5.607536315917969,2.0203781127929688,2.3329925537109375,1.3381500244140625,5.160133361816406,0.685028076171875,99.28789520263672,93.70977783203125,99.3167495727539,95.7218246459961,96.38525390625,98.99504089355469,98.7110366821289,82.09074401855469,0,68278.00109863281,200737.5606689453,430.44525146484375,16788910080,13421772800,15886290944,6618451968
199,1766836291508,2300,2300,2300,2300,2300,2300,2300,2300,2300,2300,2300,2300,2300,2300,2300,2300,2300,2300,2300,2300,99.66421508789063,98.74868774414063,96.60000610351563,99.64092254638672,16.57451629638672,8.455101013183594,7.689109802246094,2.1990280151367188,1.3223495483398438,1.0297393798828125,2.42236328125,0.4978790283203125,99.84584045410156,97.1261978149414,99.9124526977539,99.41814422607422,98.66279602050781,99.74564361572266,99.65392303466797,96.34845733642578,0,68286.16302490234,200744.35668945313,430.44677734375,16788910080,13421772800,15887101952,6619574272
200,1766836291708,2300,2300,2300,2300,2300,2300,2300,2300,2300,2300,2300,2300,2300,2300,2300,2300,2300,2300,2300,2300,98.00820922851563,82.798095703125,86.15682220458984,98.70547485351563,4.0270538330078125,6.244415283203125,2.3102645874023438,0.4521484375,4.753700256347656,0.8560256958007813,2.7117843627929688,0.8154983520507813,98.58184051513672,78.39400482177734,98.5091781616211,87.86547088623047,90.94010925292969,98.65530395507813,98.50668334960938,72.0766830444336,0,68294.83184814453,200751.6636352539,430.44677734375,16788910080,13421772800,15891275776,6616309760
199,1766836291909,2300,2300,2300,2300,2300,2300,2300,2300,2300,2300,2300,2300,2300,2300,2300,2300,2300,2300,2300,2300,92.67572784423828,59.60824966430664,75.19474792480469,97.5516128540039,14.198524475097656,11.362876892089844,4.767601013183594,2.0548095703125,3.8715667724609375,3.9581680297851563,4.340667724609375,3.2038803100585938,96.30207824707031,55.36759948730469,98.16255950927734,72.02758026123047,71.18143463134766,97.34015655517578,94.2161636352539,52.2953987121582,0,68302.03106689453,200757.50665283203,430.44805908203125,16788910080,13421772800,15852826624,6587752448
200,1766836292109,2300,2300,2300,2300,2300,2300,2300,2300,2300,2300,2300,2300,2300,2300,2300,2300,2300,2300,2300,2300,95.7230224609375,68.0313491821289,79.29838562011719,96.16754913330078,2.9158096313476563,3.2553558349609375,0.24414825439453125,0.0499725341796875,2.5929641723632813,0.46326446533203125,1.6829147338867188,0.5461654663085938,96.89755249023438,67.31648254394531,98.67496490478516,88.453125,79.99241638183594,97.08893585205078,97.15744018554688,49.212032318115234,0,68311.1967163086,200765.35205078125,430.44830322265625,16788910080,13421772800,15872999424,6617214976
199,1766836292310,2300,2300,2300,2300,2300,2300,2300,2300,2300,2300,2300,2300,2300,2300,2300,2300,2300,2300,2300,2300,96.78032684326172,71.93838500976563,79.45849609375,98.69024658203125,5.309051513671875,4.9042205810546875,2.5052337646484375,0.788726806640625,4.23193359375,3.3090057373046875,4.768341064453125,3.3410568237304688,97.30402374267578,65.47802734375,98.2594985961914,78.96631622314453,90.50773620605469,97.38702392578125,97.87950897216797,57.764896392822266,0,68318.76477050781,200771.55737304688,430.44830322265625,16788910080,13421772800,15889690624,6623514624
200,1766836292511,2300,2300,2300,2300,2300,2300,2300,2300,2300,2300,2300,2300,2300,2300,2300,2300,2300,2300,2300,2300,97.93852233886719,63.60335159301758,73.60157775878906,97.3187255859375,2.1431961059570313,2.0689773559570313,1.0396270751953125,0,1.7813491821289063,0.986724853515625,3.1301727294921875,0.02408599853515625,98.17864227294922,53.92827224731445,97.3725357055664,82.56622314453125,82.25022888183594,97.54146575927734,98.28162384033203,48.92404556274414,0,68325.86053466797,200777.32098388672,430.44830322265625,16788910080,13421772800,15891898368,6624059392
201,1766836292711,2300,2300,2300,2300,2300,2300,2300,2300,2300,2300,2300,2300,2300,2300,2300,2300,2300,2300,2300,2300,95.46314239501953,37.82003402709961,62.77555465698242,97.04461669921875,4.3024749755859375,2.8777999877929688,1.3431320190429688,1.2077560424804688,5.785087585449219,5.085685729980469,4.1823883056640625,2.8711166381835938,96.10826110839844,48.40724182128906,96.64486694335938,78.1156005859375,68.69176483154297,97.74064636230469,97.86390686035156,29.511329650878906,0,68333.0170288086,200783.12188720703,430.44976806640625,16788910080,13421772800,15885266944,6609272832
199,1766836292913,2300,2300,2300,2300,2300,2300,2300,2300,2300,2300,2300,2300,2300,2300,2300,2300,2300,2300,2300,2300,88.5267333984375,56.745723724365234,60.260833740234375,93.02426147460938,11.310295104980469,2.6186141967773438,4.923439025878906,10.8927001953125,10.571144104003906,5.011253356933594,9.645103454589844,4.800910949707031,94.02705383300781,25.606590270996094,93.87752532958984,70.33563995361328,73.81050109863281,91.52732849121094,92.59591674804688,29.62610626220703,0,68341.55578613281,200790.25634765625,430.4505615234375,16788910080,13421772800,15927840768,7007965184
200,1766836293113,2300,2300,2300,2300,2300,2300,2300,2300,2300,2300,2300,2300,2300,2300,2300,2300,2300,2300,2300,2300,95.17471313476563,44.55741500854492,51.78380584716797,94.32693481445313,32.578460693359375,26.533790588378906,22.274803161621094,30.781166076660156,19.463844299316406,17.91791534423828,35.05010986328125,15.273727416992188,97.36810302734375,16.566726684570313,96.8581771850586,74.06704711914063,74.15404510498047,97.91329956054688,97.9771728515625,3.1287994384765625,0,68348.6254272461,200795.9829711914,430.45135498046875,16788910080,13421772800,15893901312,6924271616
199,1766836293313,2300,2300,2300,2300,2300,2300,2300,2300,2300,2300,2300,2300,2300,2300,2300,2300,2300,2300,2300,2300,89.91297912597656,9.720893859863281,29.81909942626953,87.59538269042969,12.061088562011719,19.747596740722656,10.88128662109375,0.3248748779296875,12.293716430664063,14.163124084472656,27.175430297851563,56.20530319213867,91.44125366210938,3.5378646850585938,87.8897705078125,46.528411865234375,48.80839920043945,90.7958984375,92.83866882324219,1.2226104736328125,0,68355.4642944336,200801.54595947266,430.45135498046875,16788910080,13421772800,15946526720,6927589376
199,1766836293514,2300,2300,2300,2300,2300,2300,2300,2300,2300,2300,2300,2300,2300,2300,2300,2300,2300,2300,2300,2300,91.28983306884766,18.26886749267578,28.016311645507813,94.11578369140625,18.847496032714844,0.63153076171875,0.9871749877929688,0.449066162109375,32.87389373779297,26.500404357910156,14.348968505859375,28.30078125,93.37442016601563,7.540168762207031,96.14234161376953,40.665855407714844,51.55789566040039,94.81849670410156,94.69651794433594,1.3900070190429688,0,68362.09637451172,200806.89569091797,430.45135498046875,16788910080,13421772800,16003457024,6919716864
199,1766836293714,2300,2300,2300,2300,2300,2300,2300,2300,2300,2300,2300,2300,2300,2300,2300,2300,2300,2300,2300,2300,93.00674438476563,17.36236572265625,36.484981536865234,94.85547637939453,35.42230224609375,0.33712005615234375,0.33757781982421875,0.3349151611328125,1.0116195678710938,36.471588134765625,0.884063720703125,26.65319061279297,95.98918151855469,8.070938110351563,95.63906860351563,57.95647430419922,52.339595794677734,94.00587463378906,94.83451080322266,2.1345977783203125,0,68369.32495117188,200812.92449951172,430.45257568359375,16788910080,13421772800,16050470912,6922919936
200,1766836293914,2300,2300,2300,2300,2300,2300,2300,2300,2300,2300,2300,2300,2300,2300,2300,2300,2300,2300,2300,2300,93.12411499023438,17.965850830078125,31.283401489257813,92.80850982666016,2.2495803833007813,1.1990127563476563,0.6957855224609375,1.3144760131835938,24.87322235107422,29.525421142578125,2.7193756103515625,58.858829498291016,93.722900390625,10.118995666503906,93.77589416503906,46.27763748168945,57.981361389160156,91.64836883544922,92.90670776367188,1.7568283081054688,0,68378.2816772461,200820.67889404297,430.45361328125,16788910080,13421772800,16101416960,6932267008
199,1766836294116,2300,2300,2300,2300,2300,2300,2300,2300,2300,2300,2300,2300,2300,2300,2300,2300,2300,2300,2300,2300,90.59989166259766,17.861862182617188,35.39170837402344,87.6986083984375,22.856109619140625,0,0,0,12.232513427734375,2.3405914306640625,0,73.23563385009766,93.25160217285156,8.580856323242188,88.52513885498047,52.995323181152344,47.10991287231445,89.25860595703125,92.10741424560547,0,0,68386.6947631836,200827.86157226563,430.45361328125,16788910080,13421772800,16154046464,6925451264
200,1766836294316,2300,2300,2300,2300,2300,2300,2300,2300,2300,2300,2300,2300,2300,2300,2300,2300,2300,2300,2300,2300,97.40745544433594,8.916725158691406,22.888870239257813,97.41893768310547,9.607551574707031,13.384056091308594,0,0,0.5919036865234375,58.83464431762695,1.1914291381835938,27.24243927001953,97.15860748291016,5.98260498046875,98.45271301269531,63.206809997558594,49.13096618652344,96.61705017089844,96.8820571899414,0,0,68394.40270996094,200834.70666503906,430.454345703125,16788910080,13421772800,16190566400,6936072192
200,1766836294516,2300,2300,2300,2300,2300,2300,2300,2300,2300,2300,2300,2300,2300,2300,2300,2300,2300,2300,2300,2300,94.4359359741211,8.113716125488281,31.3900146484375,87.6667251586914,9.053558349609375,1.9842071533203125,3.3310546875,0,11.624839782714844,4.1949920654296875,19.467269897460938,62.13259506225586,91.11779022216797,4.8484039306640625,93.5360107421875,36.27499771118164,52.25775909423828,89.8752670288086,95.262939453125,0,0,68401.94555664063,200840.68145751953,430.454345703125,16788910080,13421772800,16188264448,6934548480
200,1766836294717,2300,2300,2300,2300,2300,2300,2300,2300,2300,2300,2300,2300,2300,2300,2300,2300,2300,2300,2300,2300,91.9124526977539,5.7053375244140625,19.431777954101563,84.62966918945313,0.09290313720703125,0.0440216064453125,0.04055023193359375,0.03968048095703125,35.38409423828125,20.432456970214844,1.6052322387695313,49.13392639160156,83.12336730957031,0.31333160400390625,87.60227966308594,38.23321533203125,40.51884460449219,91.00043487548828,86.36656188964844,0.33330535888671875,0,68408.80517578125,200846.36505126953,430.454833984375,16788910080,13421772800,16177700864,6928748544
200,1766836294918,2300,2300,2300,2300,2300,2300,2300,2300,2300,2300,2300,2300,2300,2300,2300,2300,2300,2300,2300,2300,95.02588653564453,9.646339416503906,25.90544891357422,91.89112091064453,2.814727783203125,2.2082748413085938,2.2767868041992188,1.815948486328125,32.611419677734375,34.71434020996094,2.5008926391601563,44.66514587402344,93.22257995605469,9.078353881835938,92.50209045410156,47.070247650146484,48.05266571044922,92.95465087890625,92.56098937988281,8.778152465820313,0,68417.31811523438,200853.6837158203,430.45599365234375,16788910080,13421772800,16188936192,6940192768
199,1766836295118,2300,2300,2300,2300,2300,2300,2300,2300,2300,2300,2300,2300,2300,2300,2300,2300,2300,2300,2300,2300,91.75639343261719,4.991294860839844,12.362434387207031,89.28084564208984,1.9122390747070313,4.0873870849609375,0,0,34.02626037597656,7.0326385498046875,26.84404754638672,63.53142547607422,94.99053192138672,5.7246551513671875,87.53114318847656,43.844112396240234,49.816009521484375,81.1861572265625,89.82122802734375,1.4753265380859375,0,68423.35321044922,200858.52996826172,430.45599365234375,16788910080,13421772800,16182063104,6929948672
199,1766836295319,2300,2300,2300,2300,2300,2300,2300,2300,2300,2300,2300,2300,2300,2300,2300,2300,2300,2300,2300,2300,93.11575317382813,8.435073852539063,23.14618682861328,87.91552734375,23.264556884765625,21.44763946533203,0.6689453125,0.6688461303710938,9.241508483886719,3.7486038208007813,3.8003005981445313,51.84760284423828,93.549560546875,3.5585250854492188,91.1463851928711,57.52494812011719,58.534332275390625,87.05999755859375,95.45210266113281,2.0033493041992188,0,68431.89379882813,200865.87561035156,430.45672607421875,16788910080,13421772800,16159133696,6911180800
200,1766836295519,2300,2300,2300,2300,2300,2300,2300,2300,2300,2300,2300,2300,2300,2300,2300,2300,2300,2300,2300,2300,88.13096618652344,21.729583740234375,28.085098266601563,85.36139678955078,1.3594131469726563,0.28462982177734375,0.28447723388671875,0.28447723388671875,13.531150817871094,1.8171463012695313,1.30902099609375,18.46772003173828,89.06236267089844,11.977806091308594,92.08255004882813,68.578369140625,58.93537521362305,92.35484313964844,92.02501678466797,2.0357513427734375,0,68438.34661865234,200871.1241455078,430.45672607421875,16788910080,13421772800,16168087552,6919557120
200,1766836295719,2300,2300,2300,2300,2300,2300,2300,2300,2300,2300,2300,2300,2300,2300,2300,2300,2300,2300,2300,2300,91.82633209228516,20.784019470214844,40.34467697143555,92.89485168457031,0.25240325927734375,0,0,0,0.7139739990234375,0.6547164916992188,0.5127182006835938,0.6088943481445313,94.88014221191406,4.05889892578125,92.84355926513672,70.36566162109375,68.35673522949219,92.32884979248047,94.11054992675781,3.037841796875,0,68444.78283691406,200876.33416748047,430.4580078125,16788910080,13421772800,16173297664,6924566528
200,1766836295920,2300,2300,2300,2300,2300,2300,2300,2300,2300,2300,2300,2300,2300,2300,2300,2300,2300,2300,2300,2300,86.72303771972656,29.09040069580078,32.86589050292969,91.4659652709961,0.0028228759765625,0.0323486328125,0,0,1.5073013305664063,1.558502197265625,0.8163681030273438,2.191436767578125,88.40902709960938,19.802139282226563,91.89636993408203,58.21990966796875,63.53091812133789,88.93734741210938,89.67681884765625,15.055679321289063,0,68451.81512451172,200882.19006347656,430.4580078125,16788910080,13421772800,16171032576,6919766016
200,1766836296120,2300,2300,2300,2300,2300,2300,2300,2300,2300,2300,2300,2300,2300,2300,2300,2300,2300,2300,2300,2300,84.94300842285156,8.916999816894531,35.55559539794922,89.03071594238281,0.49298858642578125,0.5423202514648438,0.5266876220703125,0.52679443359375,4.788993835449219,1.75811767578125,1.352447509765625,4.036384582519531,88.42303466796875,6.08258056640625,93.64006805419922,38.72158432006836,58.468467712402344,84.65666961669922,90.91659545898438,3.173675537109375,0,68458.06103515625,200887.27807617188,430.4580078125,16788910080,13421772800,16161800192,6886694912
199,1766836296320,2300,2300,2300,2300,2300,2300,2300,2300,2300,2300,2300,2300,2300,2300,2300,2300,2300,2300,2300,2300,92.65336608886719,12.567413330078125,30.382835388183594,96.49195861816406,0.6431121826171875,0.6430130004882813,0.6426620483398438,0.6426162719726563,2.2069549560546875,2.8915939331054688,3.5485153198242188,1.4473419189453125,93.7051010131836,2.1519241333007813,94.3386459350586,53.45108413696289,56.641632080078125,93.38770294189453,96.05452728271484,1.0797500610351563,0,68463.23809814453,200891.29962158203,430.458251953125,16788910080,13421772800,16170618880,6906302464
202,1766836296521,2300,2300,2300,2300,2300,2300,2300,2300,2300,2300,2300,2300,2300,2300,2300,2300,2300,2300,2300,2300,90.15740966796875,11.406471252441406,35.783592224121094,82.22257232666016,0.19042205810546875,0.19036865234375,0.1901702880859375,0.19007110595703125,0.932464599609375,1.5987091064453125,1.1778945922851563,1.019256591796875,91.52857971191406,4.563240051269531,88.48310852050781,58.10647201538086,65.24620056152344,90.34208679199219,90.91399383544922,0.2473297119140625,0,68470.77575683594,200897.64770507813,430.458251953125,16788910080,13421772800,16183623680,6922854400
199,1766836296723,2300,2300,2300,2300,2300,2300,2300,2300,2300,2300,2300,2300,2300,2300,2300,2300,2300,2300,2300,2300,86.90279388427734,19.719161987304688,54.29351043701172,85.58705139160156,0,0,0,0,3.5905227661132813,1.5558853149414063,0.0205535888671875,4.5194244384765625,85.25164031982422,17.98040008544922,89.97701263427734,66.8809814453125,74.54093933105469,86.97498321533203,92.55108642578125,7.928016662597656,0,68478.443359375,200904.43884277344,430.458251953125,16788910080,13421772800,16172863488,6913380352
200,1766836296924,2300,2300,2300,2300,2300,2300,2300,2300,2300,2300,2300,2300,2300,2300,2300,2300,2300,2300,2300,2300,88.3171157836914,26.39825439453125,54.606224060058594,87.49686431884766,1.472198486328125,0.7587203979492188,2.2315750122070313,0.07120513916015625,0.6861648559570313,5.632392883300781,1.2503204345703125,4.770500183105469,85.230712890625,31.582839965820313,89.92525482177734,74.94291687011719,80.87329864501953,84.21704864501953,95.09526062011719,26.534996032714844,0,68485.52520751953,200910.25634765625,430.460693359375,16788910080,13421772800,16183558144,6920589312
199,1766836297125,2300,2300,2300,2300,2300,2300,2300,2300,2300,2300,2300,2300,2300,2300,2300,2300,2300,2300,2300,2300,88.27198028564453,20.058944702148438,55.69050598144531,90.13568115234375,0,0,0,0,2.490570068359375,3.2664337158203125,4.874778747558594,2.1947021484375,94.1707763671875,21.051803588867188,92.57809448242188,47.85017395019531,55.686729431152344,93.1159439086914,94.58989715576172,0,0,68492.52783203125,200915.65966796875,430.460693359375,16788910080,13421772800,16187592704,6921707520
200,1766836297325,2300,2300,2300,2300,2300,2300,2300,2300,2300,2300,2300,2300,2300,2300,2300,2300,2300,2300,2300,2300,92.51493835449219,14.526191711425781,45.41628646850586,93.27243041992188,9.000198364257813,2.4997100830078125,0.39226531982421875,0.39359283447265625,3.6416854858398438,4.69989013671875,11.775123596191406,1.4528732299804688,92.73736572265625,5.266548156738281,95.1197738647461,60.083335876464844,58.097084045410156,92.46947479248047,94.49105834960938,3.8431167602539063,0,68498.50183105469,200920.4575805664,430.46136474609375,16788910080,13421772800,16186343424,6920278016
200,1766836297525,2300,2300,2300,2300,2300,2300,2300,2300,2300,2300,2300,2300,2300,2300,2300,2300,2300,2300,2300,2300,87.07279968261719,26.757835388183594,40.989967346191406,89.39855194091797,0.8284988403320313,0.7823028564453125,0.111053466796875,0.11080169677734375,2.1869125366210938,1.7368698120117188,0.6760406494140625,1.9712448120117188,90.89370727539063,13.002883911132813,91.74370574951172,69.66346740722656,65.41546630859375,91.97603607177734,95.49481964111328,10.300819396972656,0,68506.59991455078,200927.36157226563,430.46136474609375,16788910080,13421772800,16191967232,6925869056
199,1766836297726,2300,2300,2300,2300,2300,2300,2300,2300,2300,2300,2300,2300,2300,2300,2300,2300,2300,2300,2300,2300,83.30570983886719,32.642425537109375,26.309341430664063,86.07658386230469,0.124420166015625,0.04875946044921875,0.05185699462890625,0.050506591796875,1.8276901245117188,2.1041717529296875,0.9085540771484375,2.2438125610351563,85.47735595703125,3.8739700317382813,92.20384979248047,66.973388671875,61.86802291870117,90.30160522460938,90.77476501464844,2.1142044067382813,0,68513.68768310547,200933.2232055664,430.46136474609375,16788910080,13421772800,16198582272,6936870912
200,1766836297926,2300,2300,2300,2300,2300,2300,2300,2300,2300,2300,2300,2300,2300,2300,2300,2300,2300,2300,2300,2300,94.29592895507813,25.558685302734375,45.82655715942383,93.8783187866211,1.7788772583007813,1.5593795776367188,1.3908920288085938,1.3648147583007813,2.9972381591796875,3.1380996704101563,2.2539291381835938,3.4330978393554688,94.26909637451172,20.6544189453125,95.90287780761719,54.33794021606445,58.239952087402344,96.81831359863281,96.08966064453125,19.7984619140625,0,68521.22009277344,200939.58203125,430.4638671875,16788910080,13421772800,16189865984,6933368832
216,1766836298127,2300,2300,2300,2300,2300,2300,2300,2300,2300,2300,2300,2300,2300,2300,2300,2300,2300,2300,2300,2300,90.60183715820313,16.103126525878906,23.882980346679688,93.84618377685547,0,0,0,0,9.568145751953125,1.4971542358398438,0.7326431274414063,0.8612289428710938,92.1121597290039,1.9119338989257813,95.7799072265625,47.08344650268555,69.77845764160156,94.41867065429688,97.42889404296875,0.8729476928710938,0,68527.8755493164,200945.0068359375,430.4638671875,16788910080,13421772800,16197128192,6941601792
199,1766836298344,2300,2300,2300,2300,2300,2300,2300,2300,2300,2300,2300,2300,2300,2300,2300,2300,2300,2300,2300,2300,91.25590515136719,14.031227111816406,22.103797912597656,90.82136535644531,1.4554901123046875,0.7137985229492188,0.7137527465820313,0.7136611938476563,3.5776748657226563,1.972930908203125,1.8137359619140625,1.9053497314453125,93.3643569946289,4.3211822509765625,95.60335540771484,53.76968002319336,60.56108093261719,91.91447448730469,92.04396057128906,1.2405624389648438,0,68536.11712646484,200951.9783935547,430.4638671875,16788910080,13421772800,16198602752,6940852224
205,1766836298544,2300,2300,2300,2300,2300,2300,2300,2300,2300,2300,2300,2300,2300,2300,2300,2300,2300,2300,2300,2300,88.22280883789063,2.2425384521484375,35.45635223388672,73.19400024414063,0,0,0,0,0,1.1346206665039063,0,0.7539138793945313,82.23291015625,0.44287872314453125,87.59918212890625,37.83682632446289,44.086448669433594,86.87933349609375,87.5460205078125,0,0,68542.81317138672,200957.49084472656,430.46429443359375,16788910080,13421772800,16197398528,6945902592
199,1766836298750,2300,2300,2300,2300,2300,2300,2300,2300,2300,2300,2300,2300,2300,2300,2300,2300,2300,2300,2300,2300,87.24559020996094,12.272224426269531,27.639671325683594,86.50434875488281,5.926124572753906,4.8709564208984375,12.943679809570313,0,23.4449462890625,41.82798767089844,19.31562042236328,21.449623107910156,81.62940979003906,7.106040954589844,92.78490447998047,45.28521728515625,55.75355911254883,90.9449462890625,86.59878540039063,3.8848342895507813,0,68550.78118896484,200964.1961669922,430.46429443359375,16788910080,13421772800,16240885760,6995517440
200,1766836298950,2300,2300,2300,2300,2300,2300,2300,2300,2300,2300,2300,2300,2300,2300,2300,2300,2300,2300,2300,2300,75.2411117553711,8.766700744628906,38.6572380065918,80.49767303466797,3.719573974609375,7.9693603515625,3.8222732543945313,4.819160461425781,5.3051605224609375,13.532943725585938,3.4675064086914063,5.20672607421875,79.90951538085938,6.212104797363281,89.06636810302734,53.503379821777344,67.98705291748047,84.1391830444336,85.16677856445313,11.610328674316406,0,68559.3003540039,200971.55688476563,430.4659423828125,16788910080,13421772800,16239812608,6964289536
199,1766836299151,2300,2300,2300,2300,2300,2300,2300,2300,2300,2300,2300,2300,2300,2300,2300,2300,2300,2300,2300,2300,80.06790161132813,1.82745361328125,40.6385498046875,84.36610412597656,0,0,0,0,0.46215057373046875,10.41937255859375,0.38130950927734375,19.191787719726563,88.41544342041016,0.6307220458984375,88.64509582519531,41.22361373901367,41.14661407470703,88.31623077392578,93.2760009765625,0.01377105712890625,0,68566.33532714844,200977.37561035156,430.4659423828125,16788910080,13421772800,16228851712,6968008704
199,1766836299351,2300,2300,2300,2300,2300,2300,2300,2300,2300,2300,2300,2300,2300,2300,2300,2300,2300,2300,2300,2300,88.82766723632813,5.999969482421875,11.945411682128906,95.85479736328125,0.8951568603515625,0.6470260620117188,0.5953292846679688,0.5949325561523438,14.296432495117188,25.835594177246094,1.3825607299804688,19.63427734375,89.94576263427734,4.612892150878906,97.43651580810547,42.69859313964844,49.776981353759766,91.28973388671875,96.53713989257813,3.7720718383789063,0,68574.99981689453,200984.84747314453,430.4659423828125,16788910080,13421772800,16228290560,6973243392
201,1766836299551,2300,2300,2300,2300,2300,2300,2300,2300,2300,2300,2300,2300,2300,2300,2300,2300,2300,2300,2300,2300,96.74766540527344,20.907623291015625,55.088985443115234,94.66967010498047,0.31607818603515625,0.34078216552734375,0.006011962890625,0.00591278076171875,1.806304931640625,5.329986572265625,0.7515029907226563,3.9831085205078125,93.6010971069336,20.41021728515625,93.50337982177734,63.357666015625,63.61384582519531,90.18289184570313,94.94384765625,12.582130432128906,0,68581.33129882813,200989.93798828125,430.466796875,16788910080,13421772800,16225468416,6962782208
199,1766836299753,2300,2300,2300,2300,2300,2300,2300,2300,2300,2300,2300,2300,2300,2300,2300,2300,2300,2300,2300,2300,90.5340576171875,23.4263916015625,48.8753776550293,91.2152099609375,0.9714279174804688,0,0,0,2.0423965454101563,1.298675537109375,1.3176651000976563,6.394889831542969,96.38583374023438,10.749351501464844,94.68177032470703,55.06608963012695,63.63939666748047,97.23932647705078,97.192626953125,6.8543853759765625,0,68588.6962890625,200996.3930053711,430.466796875,16788910080,13421772800,16218488832,6956630016
200,1766836299953,2300,2300,2300,2300,2300,2300,2300,2300,2300,2300,2300,2300,2300,2300,2300,2300,2300,2300,2300,2300,80.92889404296875,14.284591674804688,40.98248291015625,79.46353149414063,0,0,0,0,4.3461761474609375,4.2135009765625,0,1.6801681518554688,83.62306213378906,4.222984313964844,79.52424621582031,49.133419036865234,72.73764038085938,81.75978088378906,86.7203140258789,1.4100570678710938,0,68596.0112915039,201002.1456298828,430.468505859375,16788910080,13421772800,16226463744,6959591424
200,1766836300153,2300,2300,2300,2300,2300,2300,2300,2300,2300,2300,2300,2300,2300,2300,2300,2300,2300,2300,2300,2300,58.80000305175781,8.2489013671875,34.703468322753906,76.54804229736328,0.7943572998046875,0.5738143920898438,0.5730438232421875,0.5725326538085938,6.255149841308594,1.6769943237304688,1.7979354858398438,7.46478271484375,71.05841827392578,2.6906585693359375,95.05833435058594,28.212562561035156,52.440956115722656,93.64515686035156,87.38365173339844,1.3957672119140625,0,68602.44274902344,201007.43884277344,430.468505859375,16788910080,13421772800,16220680192,6946078720
200,1766836300354,2300,2300,2300,2300,2300,2300,2300,2300,2300,2300,2300,2300,2300,2300,2300,2300,2300,2300,2300,2300,92.45022583007813,16.601669311523438,47.19919204711914,96.74535369873047,0,0,0,0,10.884552001953125,9.429824829101563,1.3621292114257813,4.128105163574219,93.24144744873047,3.376495361328125,91.27936553955078,42.16096496582031,56.01683807373047,96.66096496582031,96.68730926513672,0,0,68609.73010253906,201013.56677246094,430.468505859375,16788910080,13421772800,16225906688,6969032704
196,1766836300558,2300,2300,2300,2300,2300,2300,2300,2300,2300,2300,2300,2300,2300,2300,2300,2300,2300,2300,2300,2300,91.6200180053711,18.042442321777344,24.090553283691406,96.54193878173828,0,0,0,0,0,0,0,0,94.5552978515625,13.770751953125,95.76299285888672,50.4986572265625,56.496437072753906,94.69815063476563,93.14020538330078,5.433784484863281,0,68616.97778320313,201019.5044555664,430.46978759765625,16788910080,13421772800,16227475456,6974488576
200,1766836300754,2300,2300,2300,2300,2300,2300,2300,2300,2300,2300,2300,2300,2300,2300,2300,2300,2300,2300,2300,2300,85.61500549316406,10.888084411621094,53.979251861572266,85.33678436279297,0.6215133666992188,0.6215133666992188,0.621612548828125,0.6239013671875,1.4198455810546875,1.7948837280273438,1.1805038452148438,1.5171279907226563,92.56098175048828,13.905792236328125,87.83989715576172,71.66787719726563,63.27025604248047,84.61949920654297,96.56019592285156,14.654472351074219,0,68622.1752319336,201023.65301513672,430.46978759765625,16788910080,13421772800,16236961792,6974705664
200,1766836300955,2300,2300,2300,2300,2300,2300,2300,2300,2300,2300,2300,2300,2300,2300,2300,2300,2300,2300,2300,2300,81.87709045410156,22.263877868652344,48.809906005859375,80.63798522949219,0,0,0,0,2.4936981201171875,0,0,1.5848922729492188,89.89620208740234,19.349334716796875,92.36792755126953,45.76266860961914,53.74666976928711,86.89530944824219,83.39501953125,3.831390380859375,0,68628.74096679688,201028.87811279297,430.46978759765625,16788910080,13421772800,16234598400,6969192448
200,1766836301155,2300,2300,2300,2300,2300,2300,2300,2300,2300,2300,2300,2300,2300,2300,2300,2300,2300,2300,2300,2300,66.24960327148438,16.188125610351563,49.702293395996094,60.83319854736328,1.2351531982421875,1.243377685546875,1.1605148315429688,1.1404647827148438,1.6887664794921875,1.3851242065429688,1.2889480590820313,2.0532302856445313,72.91097259521484,7.285003662109375,84.05189514160156,43.64147186279297,55.058265686035156,90.32083129882813,71.74068450927734,2.3742218017578125,0,68634.81787109375,201033.81689453125,430.4703369140625,16788910080,13421772800,16229613568,6964092928
199,1766836301356,2300,2300,2300,2300,2300,2300,2300,2300,2300,2300,2300,2300,2300,2300,2300,2300,2300,2300,2300,2300,87.42536926269531,11.435989379882813,16.3792724609375,83.85111999511719,0,0,0,0,24.50823974609375,3.2942886352539063,3.4251632690429688,8.432586669921875,91.58413696289063,0,85.27406311035156,41.494144439697266,43.84909439086914,88.9295654296875,91.76042938232422,3.1735076904296875,0,68642.23449707031,201039.98431396484,430.4703369140625,16788910080,13421772800,16229023744,6974119936
200,1766836301556,2300,2300,2300,2300,2300,2300,2300,2300,2300,2300,2300,2300,2300,2300,2300,2300,2300,2300,2300,2300,83.94314575195313,14.205024719238281,42.69255828857422,84.40526580810547,0.646270751953125,0.5849227905273438,0.58502197265625,0.5849685668945313,8.653839111328125,2.109466552734375,11.638481140136719,4.9383392333984375,84.25514221191406,24.97496795654297,90.86450958251953,28.943206787109375,71.72599029541016,91.83370971679688,93.58142852783203,1.1788330078125,0,68649.87548828125,201046.27697753906,430.47113037109375,16788910080,13421772800,16238088192,6979227648
200,1766836301756,2300,2300,2300,2300,2300,2300,2300,2300,2300,2300,2300,2300,2300,2300,2300,2300,2300,2300,2300,2300,65.32215881347656,17.38390350341797,48.34182357788086,66.93250274658203,0.19881439208984375,0.20615386962890625,0.05567169189453125,0.05841827392578125,7.4555206298828125,0.41370391845703125,0.7862777709960938,11.983985900878906,68.93303680419922,16.191261291503906,73.00680541992188,45.31046676635742,68.38427734375,69.03704071044922,74.17657470703125,4.5124359130859375,0,68655.86700439453,201051.03729248047,430.47113037109375,16788910080,13421772800,16237735936,6977445888
200,1766836301956,2300,2300,2300,2300,2300,2300,2300,2300,2300,2300,2300,2300,2300,2300,2300,2300,2300,2300,2300,2300,88.14422607421875,2.6144180297851563,27.64875030517578,69.093994140625,0.3492279052734375,0.34912872314453125,0.34897613525390625,0.34893035888671875,2.856719970703125,1.5423202514648438,0.6879196166992188,5.1058807373046875,79.5474624633789,16.763832092285156,65.24314880371094,80.2293930053711,59.78833770751953,84.13504791259766,91.48719787597656,0.36829376220703125,0,68663.00598144531,201056.95294189453,430.47265625,16788910080,13421772800,16260153344,6988247040
200,1766836302157,2300,2300,2300,2300,2300,2300,2300,2300,2300,2300,2300,2300,2300,2300,2300,2300,2300,2300,2300,2300,82.52086639404297,5.706748962402344,26.41558074951172,74.08366394042969,0.20682525634765625,0.0873260498046875,0.0709228515625,0.0709686279296875,12.061607360839844,0.3850250244140625,0.1894683837890625,3.03753662109375,75.82566833496094,0.1756591796875,90.56681060791016,41.51092529296875,49.08869934082031,90.09883880615234,90.51419067382813,0.1039886474609375,0,68669.49493408203,201062.2680053711,430.47344970703125,16788910080,13421772800,16259440640,6996582400
198,1766836302359,2300,2300,2300,2300,2300,2300,2300,2300,2300,2300,2300,2300,2300,2300,2300,2300,2300,2300,2300,2300,95.3622055053711,23.0191650390625,33.95011901855469,91.72325897216797,0,0,0,0,22.59204864501953,0.34381103515625,0.05881500244140625,0,95.67839813232422,19.1304931640625,97.38766479492188,73.59324645996094,56.092193603515625,95.1419448852539,92.60774993896484,2.881134033203125,0,68676.77850341797,201068.41076660156,430.47344970703125,16788910080,13421772800,16255574016,6988443648
200,1766836302558,2300,2300,2300,2300,2300,2300,2300,2300,2300,2300,2300,2300,2300,2300,2300,2300,2300,2300,2300,2300,71.61778259277344,5.191017150878906,20.274925231933594,77.92642974853516,0.025238037109375,0.02513885498046875,0.025238037109375,0.02513885498046875,12.106346130371094,1.3023910522460938,0.288818359375,2.2002487182617188,75.70093536376953,0.49629974365234375,87.36177062988281,50.10482406616211,45.58674621582031,87.78600311279297,66.82698059082031,1.1018447875976563,0,68683.88116455078,201074.22357177734,430.47344970703125,16788910080,13421772800,16255447040,6997467136
199,1766836302759,2300,2300,2300,2300,2300,2300,2300,2300,2300,2300,2300,2300,2300,2300,2300,2300,2300,2300,2300,2300,80.273193359375,6.307487487792969,25.239219665527344,85.19808197021484,0,0,0,0,0,0,0,0,79.56622314453125,0,88.74636840820313,48.914859771728516,39.112003326416016,86.29931640625,80.18195343017578,0,0,68690.61645507813,201079.7739868164,430.4737548828125,16788910080,13421772800,16248209408,6987550720
203,1766836302959,2300,2300,2300,2300,2300,2300,2300,2300,2300,2300,2300,2300,2300,2300,2300,2300,2300,2300,2300,2300,91.25806427001953,30.789451599121094,44.38143539428711,89.50763702392578,1.4025955200195313,0.9342193603515625,0.9380111694335938,0.5038909912109375,31.024925231933594,2.9265899658203125,14.925819396972656,3.2574462890625,90.76554107666016,28.779800415039063,93.58331298828125,80.64390563964844,68.0079116821289,84.1466293334961,94.11701202392578,11.675643920898438,0,68697.31146240234,201085.25415039063,430.47467041015625,16788910080,13421772800,16268976128,7009722368
199,1766836303163,2300,2300,2300,2300,2300,2300,2300,2300,2300,2300,2300,2300,2300,2300,2300,2300,2300,2300,2300,2300,89.11351013183594,10.882957458496094,29.249290466308594,85.86888885498047,9.421104431152344,0,0,0,0.28951263427734375,14.408432006835938,0.09023284912109375,0.8023300170898438,89.6927719116211,6.523292541503906,95.82925415039063,46.008506774902344,49.374168395996094,90.79080963134766,90.62450408935547,1.7178497314453125,0,68703.76989746094,201090.47650146484,430.47503662109375,16788910080,13421772800,16213176320,6925639680
199,1766836303363,2300,2300,2300,2300,2300,2300,2300,2300,2300,2300,2300,2300,2300,2300,2300,2300,2300,2300,2300,2300,87.69309997558594,47.424068450927734,36.96220779418945,90.27637481689453,18.46277618408203,19.191726684570313,10.848243713378906,0,4.692924499511719,7.620887756347656,3.9239425659179688,2.5326919555664063,91.59371948242188,28.392791748046875,96.64702606201172,98.61490631103516,58.76603698730469,92.2221450805664,93.13910675048828,4.416908264160156,0,68710.61547851563,201095.9891357422,430.47503662109375,16788910080,13421772800,16247754752,6963253248
200,1766836303563,2300,2300,2300,2300,2300,2300,2300,2300,2300,2300,2300,2300,2300,2300,2300,2300,2300,2300,2300,2300,86.66484069824219,28.475296020507813,35.654090881347656,84.88247680664063,2.015655517578125,1.0364532470703125,1.4151458740234375,1.1146163940429688,6.513496398925781,4.404853820800781,2.95147705078125,3.6301040649414063,91.92281341552734,19.850112915039063,93.7492446899414,76.38277435302734,61.7128791809082,88.53050231933594,87.30018615722656,7.198463439941406,0,68718.18133544922,201102.35174560547,430.47503662109375,16788910080,13421772800,16256126976,6999154688
199,1766836303764,2300,2300,2300,2300,2300,2300,2300,2300,2300,2300,2300,2300,2300,2300,2300,2300,2300,2300,2300,2300,61.28770446777344,6.8374176025390625,49.159645080566406,54.36651611328125,0.15537261962890625,0.15541839599609375,0.2072296142578125,0.15427398681640625,8.67718505859375,4.230865478515625,0.15721893310546875,2.6319351196289063,63.391395568847656,4.109405517578125,48.51338195800781,95.78174591064453,47.553279876708984,69.5716781616211,75.78671264648438,0.150787353515625,0,68722.97338867188,201105.91845703125,430.475830078125,16788910080,13421772800,16270241792,7000465408
199,1766836303964,2300,2300,2300,2300,2300,2300,2300,2300,2300,2300,2300,2300,2300,2300,2300,2300,2300,2300,2300,2300,89.4909896850586,0.5568923950195313,11.294403076171875,84.43990325927734,0.17490386962890625,0.174652099609375,0.29022216796875,0.174102783203125,2.3263397216796875,0.7866363525390625,0.6500091552734375,1.8173446655273438,81.7446517944336,5.968666076660156,82.31791687011719,50.5120849609375,41.69611740112305,77.36368560791016,84.91990661621094,0.18064117431640625,0,68729.72448730469,201111.52307128906,430.4764404296875,16788910080,13421772800,16266444800,7001354240
201,1766836304164,2300,2300,2300,2300,2300,2300,2300,2300,2300,2300,2300,2300,2300,2300,2300,2300,2300,2300,2300,2300,69.52064514160156,0.8596572875976563,1.3861770629882813,78.8240737915039,0.13225555419921875,0.13170623779296875,0.13100433349609375,0.1307525634765625,0.44696044921875,0.1342010498046875,0.1336517333984375,1.7831878662109375,68.58642578125,5.107383728027344,88.15716552734375,19.781356811523438,23.50786590576172,86.66735076904297,53.02857208251953,0.692291259765625,0,68734.9306640625,201115.6185913086,430.4764404296875,16788910080,13421772800,16267333632,7004327936
200,1766836304366,2300,2300,2300,2300,2300,2300,2300,2300,2300,2300,2300,2300,2300,2300,2300,2300,2300,2300,2300,2300,63.01203536987305,0,2.1397323608398438,73.94769287109375,0,0,0,0,0,0,0,1.4312591552734375,45.557212829589844,0,95.28663635253906,26.9400634765625,38.190650939941406,72.19507598876953,57.649513244628906,0,0,68740.39428710938,201119.94036865234,430.4769287109375,16788910080,13421772800,16268447744,7006162944
200,1766836304566,2300,2300,2300,2300,2300,2300,2300,2300,2300,2300,2300,2300,2300,2300,2300,2300,2300,2300,2300,2300,70.09207153320313,1.264862060546875,6.348716735839844,73.20452880859375,1.1084976196289063,1.1084976196289063,1.1259231567382813,1.1082992553710938,1.7385482788085938,1.2811355590820313,1.108001708984375,2.2877349853515625,65.75,1.8975830078125,90.02800750732422,36.927093505859375,24.289230346679688,78.11212158203125,75.5997314453125,1.197052001953125,0,68746.09191894531,201124.54522705078,430.4769287109375,16788910080,13421772800,16269680640,7002279936
199,1766836304767,2300,2300,2300,2300,2300,2300,2300,2300,2300,2300,2300,2300,2300,2300,2300,2300,2300,2300,2300,2300,68.59422302246094,2.0261459350585938,6.5474395751953125,62.83034133911133,0,0,0,0,1.0816497802734375,0,1.7013320922851563,1.9234695434570313,59.43057632446289,2.6364974975585938,80.66191864013672,31.144607543945313,18.32659912109375,87.47366333007813,37.942596435546875,0.05268096923828125,0,68751.681640625,201128.98760986328,430.4779052734375,16788910080,13421772800,16274907136,7015075840
200,1766836304967,2300,2300,2300,2300,2300,2300,2300,2300,2300,2300,2300,2300,2300,2300,2300,2300,2300,2300,2300,2300,88.82730102539063,2.395751953125,11.820541381835938,85.03517150878906,1.5905380249023438,1.27288818359375,1.12451171875,1.1710357666015625,13.123214721679688,98.22374725341797,3.194122314453125,3.1117630004882813,85.9900131225586,6.666259765625,95.87567901611328,15.89593505859375,28.06475830078125,93.55174255371094,86.8214111328125,1.59918212890625,0,68758.17987060547,201134.28784179688,430.4830322265625,16788910080,13421772800,15290388480,5908701184
199,1766836305167,2300,2300,2300,2300,2300,2300,2300,2300,2300,2300,2300,2300,2300,2300,2300,2300,2300,2300,2300,2300,45.3946647644043,0.24831390380859375,0.25055694580078125,46.56327819824219,0.2510528564453125,0.25095367431640625,0.25250244140625,0.25130462646484375,0.4501495361328125,57.571311950683594,0.256591796875,0.8766708374023438,38.67573928833008,0.37680816650390625,77.42926788330078,1.020172119140625,5.158897399902344,68.74010467529297,40.06454086303711,0.26900482177734375,0,68762.38232421875,201137.39233398438,430.487548828125,16788910080,13421772800,15267442688,5891203072
200,1766836305367,2300,2300,2300,2300,2300,2300,2300,2300,2300,2300,2300,2300,2300,2300,2300,2300,2300,2300,2300,2300,63.411949157714844,2.3584823608398438,17.055755615234375,66.67478942871094,0.104766845703125,0.079132080078125,0.07903289794921875,0.07898712158203125,2.0461349487304688,26.035247802734375,0.32358551025390625,5.121726989746094,62.91575622558594,0.16011810302734375,85.62535858154297,24.271682739257813,5.244575500488281,83.04061126708984,55.64882278442383,0.10076904296875,0,68768.4154663086,201142.35626220703,430.4888916015625,16788910080,13421772800,15253336064,5870137344
200,1766836305568,2300,2300,2300,2300,2300,2300,2300,2300,2300,2300,2300,2300,2300,2300,2300,2300,2300,2300,2300,2300,22.05755615234375,0.5808563232421875,0.0977630615234375,25.842941284179688,2.1159744262695313,1.0132980346679688,2.5843429565429688,2.7117080688476563,12.203170776367188,6.793830871582031,3.7915267944335938,14.519668579101563,20.188217163085938,0.0780029296875,73.36155700683594,2.5476608276367188,8.613861083984375,58.709835052490234,16.33820343017578,0.08319091796875,0,68771.90856933594,201144.8406982422,430.4888916015625,16788910080,13421772800,15253225472,5883572224
199,1766836305769,2300,2300,2300,2300,2300,2300,2300,2300,2300,2300,2300,2300,2300,2300,2300,2300,2300,2300,2300,2300,25.48255157470703,0.3757781982421875,0,16.98204803466797,0,0,0,0,0,0,0,1.2013473510742188,18.72735595703125,0,72.93658447265625,0.12255096435546875,0.7421722412109375,42.25271987915039,6.9210357666015625,0,0,68774.70806884766,201146.60510253906,430.496337890625,16788910080,13421772800,14325751808,4878069760
200,1766836305969,2300,2300,2300,2300,2300,2300,2300,2300,2300,2300,2300,2300,2300,2300,2300,2300,2300,2300,2300,2300,42.11952209472656,1.3814926147460938,3.5233306884765625,37.7585563659668,1.0891647338867188,0.9950180053710938,0.8703231811523438,0.8703765869140625,7.181648254394531,60.24855422973633,1.8861618041992188,7.1651763916015625,37.50482177734375,1.0817794799804688,68.93234252929688,3.235107421875,5.902091979980469,66.79618835449219,39.70647048950195,0.9627227783203125,0,68779.11517333984,201149.830078125,430.50927734375,16788910080,13421772800,14318493696,4861845504
199,1766836306170,2300,2300,2300,2300,2300,2300,2300,2300,2300,2300,2300,2300,2300,2300,2300,2300,2300,2300,2300,2300,7.684745788574219,0.5130386352539063,0,31.25556182861328,0,0,0,0,0,0,0,0,0,0,70.46837615966797,0,0,55.51756286621094,0,0,0,68781.8568725586,201151.44262695313,430.50927734375,16788910080,13421772800,14318424064,4861300736
199,1766836306370,2300,2300,2300,2300,2300,2300,2300,2300,2300,2300,2300,2300,2300,2300,2300,2300,2300,2300,2300,2300,1.3596115112304688,1.237152099609375,0.5936050415039063,6.501335144042969,0.7930145263671875,0.7673492431640625,0.78753662109375,0.7456207275390625,0.8991317749023438,0.8117599487304688,0.7878875732421875,1.1318359375,0.5768585205078125,0.5621566772460938,55.043270111083984,0.5925064086914063,0.5894699096679688,43.644771575927734,0.5893707275390625,0.5893173217773438,0,68783.68713378906,201152.17016601563,430.51068115234375,16788910080,13421772800,14316785664,4857917440
0,1766836306570,2300,2300,2300,2300,2300,2300,2300,2300,2300,2300,2300,2300,2300,2300,2300,2300,2300,2300,2300,2300,37.63699722290039,0.00830078125,0.18630218505859375,51.76399230957031,0,0,0,0,20.007110595703125,0.11817169189453125,0.27667999267578125,39.39836883544922,44.14040756225586,0,81.15045928955078,1.6597442626953125,8.437385559082031,78.03297424316406,23.998382568359375,0,0,68788.41925048828,201155.65283203125,430.516357421875,16788910080,13421772800,14188625920,4670263296
